State,KodPAR,const_name,coallition,party,candidate_name,winlose,won_party,won_coallition,majority,votes,voted_voters,votes_pct,total_voters,turnout_rate,malay,chinese,indian,others,nonmuslim_bumi
Perlis,1,Padang Besar,PR,PAS,Azamhari Mohamood,lose,UMNO,BN,7426,14047,36051,38.96,41974,85.89,86,9,1,4,0
Perlis,1,Padang Besar,BN,UMNO,Zahidi Zainul Abidin,win,UMNO,BN,7426,21473,36051,59.56,41974,85.89,86,9,1,4,0
Perlis,2,Kangar,PR,PAS,Baharuddin Ahmad,lose,UMNO,BN,4037,19306,43309,44.58,51207,84.58,81,16,2,2,0
Perlis,2,Kangar,BN,UMNO,Shaharuddin Ismail,win,UMNO,BN,4037,23343,43309,53.9,51207,84.58,81,16,2,2,0
Perlis,3,Arau,PR,PAS,Haron Din,lose,UMNO,BN,1371,18005,38312,47,43876,87.32,87,8,2,3,0
Perlis,3,Arau,BN,UMNO,Shahidan Kassim,win,UMNO,BN,1371,19376,38312,50.57,43876,87.32,87,8,2,3,0
Perlis,3,Arau,IND,IND,Zainudin Yom,lose,UMNO,BN,1371,406,38312,1.06,43876,87.32,87,8,2,3,0
Kedah,4,Langkawi,BN,UMNO,Nawawi Ahmad,win,UMNO,BN,11861,21407,31877,67.16,37536,84.92,91,6,2,1,0
Kedah,4,Langkawi,PR,PKR,Ahmad Abdullah,lose,UMNO,BN,11861,9546,31877,29.95,37536,84.92,91,6,2,1,0
Kedah,4,Langkawi,IND,IND,Marina Ti Hussein,lose,UMNO,BN,11861,180,31877,0.56,37536,84.92,91,6,2,1,0
Kedah,5,Jerlun,PR,PAS,Ismail Salleh,lose,UMNO,BN,3270,20891,45782,45.63,52383,87.4,91,8,0,2,0
Kedah,5,Jerlun,BN,UMNO,Othman Aziz,win,UMNO,BN,3270,24161,45782,52.77,52383,87.4,91,8,0,2,0
Kedah,6,Kubang Pasu,PR,PAS,Mohd Jamal Nasir,lose,UMNO,BN,10444,22890,57058,40.12,65550,87.05,85,9,4,1,0
Kedah,6,Kubang Pasu,BN,UMNO,Mohd Johari Baharum,win,UMNO,BN,10444,33334,57058,58.42,65550,87.05,85,9,4,1,0
Kedah,7,Padang Terap,PR,PAS,Mohd Nasir Zakaria,lose,UMNO,BN,4442,16212,37800,42.89,41960,90.09,92,1,0,6,0
Kedah,7,Padang Terap,IND,IND,Muhamad Bazli Abdullah,lose,UMNO,BN,4442,243,37800,0.64,41960,90.09,92,1,0,6,0
Kedah,7,Padang Terap,BN,UMNO,Mahdzir Khalid,win,UMNO,BN,4442,20654,37800,54.64,41960,90.09,92,1,0,6,0
Kedah,8,Pokok Sena,PR,PAS,Mahfuz Omar,win,PAS,PR,3935,36198,69309,52.23,80714,85.87,80,18,2,1,0
Kedah,8,Pokok Sena,BN,UMNO,Shahlan Ismail,lose,PAS,PR,3935,32263,69309,46.55,80714,85.87,80,18,2,1,0
Kedah,9,Alor Setar,BN,MCA,Chor Chee Heung,lose,PKR,PR,1873,25491,57712,44.17,69009,83.63,61,34,5,1,0
Kedah,9,Alor Setar,PR,PKR,Gooi Hsiao - Leung,win,PKR,PR,1873,27364,57712,47.41,69009,83.63,61,34,5,1,0
Kedah,9,Alor Setar,Berjasa,Berjasa,Abdul Fisol Mohd Isa,lose,PKR,PR,1873,3530,57712,6.12,69009,83.63,61,34,5,1,0
Kedah,9,Alor Setar,BERSAMA,BERSAMA,Jawahar Raja Abdul Wahid,lose,PKR,PR,1873,257,57712,0.45,69009,83.63,61,34,5,1,0
Kedah,10,Kuala Kedah,PR,PKR,Azman Ismail,win,PKR,PR,4947,42870,82005,52.28,95328,86.02,77,21,1,0,0
Kedah,10,Kuala Kedah,BN,UMNO,Zaki Zamani Abd Rashid,lose,PKR,PR,4947,37923,82005,46.24,95328,86.02,77,21,1,0,0
Kedah,11,Pendang,BN,UMNO,Othman Abdul,win,UMNO,BN,2638,32165,62451,51.5,70135,89.04,88,6,1,6,0
Kedah,11,Pendang,PR,PAS,Mohamad Sabu,lose,UMNO,BN,2638,29527,62451,47.28,70135,89.04,88,6,1,6,0
Kedah,12,Jerai,BN,UMNO,Jamil Khir Baharom,win,UMNO,BN,1196,32429,64614,50.19,74410,86.84,79,15,6,0,0
Kedah,12,Jerai,PR,PAS,Mohd Firdaus Jaafar,lose,UMNO,BN,1196,31233,64614,48.34,74410,86.84,79,15,6,0,0
Kedah,13,Sik,BN,UMNO,Mansor Abd Rahman,win,UMNO,BN,2807,22084,41992,52.59,46786,89.75,93,2,0,5,0
Kedah,13,Sik,PR,PAS,Che Uda Che Nik,lose,UMNO,BN,2807,19277,41992,45.91,46786,89.75,93,2,0,5,0
Kedah,14,Merbok,BN,UMNO,Ismail Daut,win,UMNO,BN,4122,38538,74283,51.88,85908,86.47,65,17,17,1,0
Kedah,14,Merbok,PR,PKR,Nor Azrina Ti Surip,lose,UMNO,BN,4122,34416,74283,46.33,85908,86.47,65,17,17,1,0
Kedah,15,Sungai Petani,BN,UMNO,Syamsyul Anuar Che Mey @ Ismail,lose,PKR,PR,9548,34646,80771,42.89,93176,86.69,59,29,12,1,0
Kedah,15,Sungai Petani,IND,IND,Ong Wei Sin,lose,PKR,PR,9548,772,80771,0.96,93176,86.69,59,29,12,1,0
Kedah,15,Sungai Petani,KITA,KITA,Suhaimi Hashim,lose,PKR,PR,9548,200,80771,0.25,93176,86.69,59,29,12,1,0
Kedah,15,Sungai Petani,PR,PKR,Johari Abdul,win,PKR,PR,9548,44194,80771,54.72,93176,86.69,59,29,12,1,0
Kedah,16,Baling,PR,PAS,Najmi Hj Ahmad,lose,UMNO,BN,5185,38319,82904,46.22,93168,88.98,89,5,5,2,0
Kedah,16,Baling,BN,UMNO,Abdul Azeez Abdul Rahim,win,UMNO,BN,5185,43504,82904,52.48,93168,88.98,89,5,5,2,0
Kedah,17,Padang Serai,Berjasa,Berjasa,Hamidi Abu Hassan,lose,PKR,PR,8437,2630,64387,4.08,74095,86.9,56,21,23,0,0
Kedah,17,Padang Serai,IND,IND,Othman Wawi,lose,PKR,PR,8437,279,64387,0.43,74095,86.9,56,21,23,0,0
Kedah,17,Padang Serai,IND,IND,Gobalakrishnan A/L Nagapan,lose,PKR,PR,8437,390,64387,0.61,74095,86.9,56,21,23,0,0
Kedah,17,Padang Serai,PR,PKR,N Surendran A/L K Nagarajan,win,PKR,PR,8437,34151,64387,53.04,74095,86.9,56,21,23,0,0
Kedah,17,Padang Serai,BN,MCA,Heng Seai Kie,lose,PKR,PR,8437,25714,64387,39.94,74095,86.9,56,21,23,0,0
Kedah,18,Kulim Bandar Baharu,PR,PKR,Saifuddin Nasution Ismail,lose,UMNO,BN,1871,24911,52532,47.42,60910,86.25,68,19,13,0,0
Kedah,18,Kulim Bandar Baharu,BN,UMNO,Abd. Aziz Sheikh Fadzir,win,UMNO,BN,1871,26782,52532,50.98,60910,86.25,68,19,13,0,0
Kelantan,19,Tumpat,PR,PAS,Kamarudin Jaffar,win,PAS,PR,10624,46151,82764,55.76,98632,83.91,92,3,0,4,0
Kelantan,19,Tumpat,BN,UMNO,Mansor Salleh,lose,PAS,PR,10624,35527,82764,42.93,98632,83.91,92,3,0,4,0
Kelantan,20,Pengkalan Chepa,PR,PAS,Izani Husin,win,PAS,PR,15120,34617,54797,63.17,64409,85.08,98,2,0,0,0
Kelantan,20,Pengkalan Chepa,BN,UMNO,Dali Husin,lose,PAS,PR,15120,19497,54797,35.58,64409,85.08,98,2,0,0,0
Kelantan,21,Kota Bahru,BN,UMNO,Mohamad Fatmi Che Salleh,lose,PAS,PR,15970,24650,66084,37.3,81268,81.32,83,16,1,1,0
Kelantan,21,Kota Bahru,PR,PAS,Takiyuddin Hassan,win,PAS,PR,15970,40620,66084,61.47,81268,81.32,83,16,1,1,0
Kelantan,21,Kota Bahru,IND,IND,Mohd Zakiman Abu Bakar,lose,PAS,PR,15970,148,66084,0.22,81268,81.32,83,16,1,1,0
Kelantan,22,Pasir Mas,IND,IND,Ibrahim Ali,lose,PAS,PR,8047,25384,59930,42.36,71965,83.28,96,3,0,0,0
Kelantan,22,Pasir Mas,PR,PAS,Nik Mohamad Abduh Nik Abdul Aziz,win,PAS,PR,8047,33431,59930,55.78,71965,83.28,96,3,0,0,0
Kelantan,23,Rantau Panjang,BN,UMNO,Ghazali Ismail,lose,PAS,PR,6276,17448,41804,41.74,52903,79.02,98,1,0,1,0
Kelantan,23,Rantau Panjang,PR,PAS,Siti Zailah Ti Mohd Yusoff,win,PAS,PR,6276,23724,41804,56.75,52903,79.02,98,1,0,1,0
Kelantan,24,Kubang Kerian,PR,PAS,Ahmad Baihaki Atiqullah,win,PAS,PR,16741,35510,54884,64.7,65390,83.93,98,2,0,0,0
Kelantan,24,Kubang Kerian,BN,UMNO,Anuar Safian,lose,PAS,PR,16741,18769,54884,34.2,65390,83.93,98,2,0,0,0
Kelantan,25,Bachok,PR,PAS,Ahmad Marzuk Shaary,win,PAS,PR,201,35419,71583,49.48,81566,87.76,98,1,0,0,0
Kelantan,25,Bachok,BN,UMNO,Awang Adek Hussin,lose,PAS,PR,201,35218,71583,49.2,81566,87.76,98,1,0,0,0
Kelantan,26,Ketereh,BN,UMNO,Annuar Musa,win,UMNO,BN,974,26912,53726,50.09,62217,86.35,97,2,0,1,0
Kelantan,26,Ketereh,PR,PKR,Ab Aziz Ab Kadir,lose,UMNO,BN,974,25938,53726,48.28,62217,86.35,97,2,0,1,0
Kelantan,27,Tanah Merah,PR,PKR,Nik Mahmood Nik Hassan,lose,UMNO,BN,4227,22278,49872,44.67,58237,85.64,94,4,1,1,0
Kelantan,27,Tanah Merah,IND,IND,Ahmad Fizal Che Harun,lose,UMNO,BN,4227,213,49872,0.43,58237,85.64,94,4,1,1,0
Kelantan,27,Tanah Merah,BN,UMNO,Ikmal Hisham Abdul Aziz,win,UMNO,BN,4227,26505,49872,53.15,58237,85.64,94,4,1,1,0
Kelantan,28,Pasir Puteh,BN,UMNO,Tuan Mustaffa Tuan Mat,lose,PAS,PR,1888,31691,66040,47.99,76259,86.6,98,1,0,1,0
Kelantan,28,Pasir Puteh,PR,PAS,Nik Mazian Nik Mohamad,win,PAS,PR,1888,33579,66040,50.85,76259,86.6,98,1,0,1,0
Kelantan,29,Machang,BN,UMNO,Ahmad Jazlan Yaakub,win,UMNO,BN,805,25660,51244,50.07,59226,86.52,96,4,0,0,0
Kelantan,29,Machang,PR,PKR,Wan Zawawi Wan Ismail,lose,UMNO,BN,805,24855,51244,48.5,59226,86.52,96,4,0,0,0
Kelantan,30,Jeli,BN,UMNO,Mustapa Mohamed,win,UMNO,BN,5269,21223,37599,56.45,43224,86.99,98,0,0,1,0
Kelantan,30,Jeli,PR,PAS,Mohd Apandi Mohamad,lose,UMNO,BN,5269,15954,37599,42.43,43224,86.99,98,0,0,1,0
Kelantan,31,Kuala Krai,BN,UMNO,Tuan Aziz Tuan Hamat @ Tuan Mat,lose,PAS,PR,2043,25876,54515,47.47,63101,86.39,94,4,1,0,0
Kelantan,31,Kuala Krai,PR,PAS,Mohd Hatta Md Ramli,win,PAS,PR,2043,27919,54515,51.21,63101,86.39,94,4,1,0,0
Kelantan,32,Gua Musang,BN,UMNO,Tengku Razaleigh Tengku Mohd Hamzah,win,UMNO,BN,8413,21367,35033,60.99,40176,87.2,80,7,1,12,0
Kelantan,32,Gua Musang,PR,PAS,Wan Abd Rahim Wan Abdullah,lose,UMNO,BN,8413,12954,35033,36.98,40176,87.2,80,7,1,12,0
Terengganu,33,Besut,BN,UMNO,Idris Jusoh,win,UMNO,BN,8342,35232,62763,56.13,72566,86.49,98,2,0,0,0
Terengganu,33,Besut,PR,PAS,Riduan Mohamad Nor,lose,UMNO,BN,8342,26890,62763,42.84,72566,86.49,98,2,0,0,0
Terengganu,34,Setiu,BN,UMNO,Che Mohamad Zulkifly Jusoh,win,UMNO,BN,7943,33198,59139,56.14,67280,87.9,99,0,0,0,0
Terengganu,34,Setiu,PR,PAS,Omar Sidek,lose,UMNO,BN,7943,25255,59139,42.7,67280,87.9,99,0,0,0,0
Terengganu,35,Kuala Nerus,BN,UMNO,Mohd Nasir B. Ibrahim @ Ibrahim Fikri,lose,PAS,PR,610,33251,67882,48.98,76238,89.04,99,1,0,0,0
Terengganu,35,Kuala Nerus,PR,PAS,Mohd Khairuddin Aman Razali,win,PAS,PR,610,33861,67882,49.88,76238,89.04,99,1,0,0,0
Terengganu,36,Kuala Terengganu,BN,UMNO,Mohd Zubir Embong,lose,PAS,PR,10785,35043,81898,42.79,94406,86.75,89,10,1,0,0
Terengganu,36,Kuala Terengganu,PR,PAS,Raja Kamarul Bahrin Shah,win,PAS,PR,10785,45828,81898,55.96,94406,86.75,89,10,1,0,0
Terengganu,36,Kuala Terengganu,IND,IND,Maimun Ti Yusuf,lose,PAS,PR,10785,182,81898,0.22,94406,86.75,89,10,1,0,0
Terengganu,37,Marang,BN,UMNO,Yahya Khatib Mohamad,lose,PAS,PR,5124,37860,81644,46.37,90795,89.92,98,2,0,0,0
Terengganu,37,Marang,PR,PAS,Abdul Hadi Awang,win,PAS,PR,5124,42984,81644,52.65,90795,89.92,98,2,0,0,0
Terengganu,38,Hulu Terengganu,PR,PAS,Kamaruzaman Abdullah,lose,UMNO,BN,8213,23727,56491,42,63543,88.9,99,1,0,0,0
Terengganu,38,Hulu Terengganu,BN,UMNO,Jailani Johari,win,UMNO,BN,8213,31940,56491,56.54,63543,88.9,99,1,0,0,0
Terengganu,39,Dungun,BN,UMNO,Rosli Mat Hassan,lose,PAS,PR,3942,31406,68047,46.15,78174,87.05,96,4,0,0,0
Terengganu,39,Dungun,PR,PAS,Wan Hassan Mohd Ramli,win,PAS,PR,3942,35348,68047,51.95,78174,87.05,96,4,0,0,0
Terengganu,39,Dungun,IND,IND,Mazlan Harun,lose,PAS,PR,3942,384,68047,0.56,78174,87.05,96,4,0,0,0
Terengganu,40,Kemaman,BN,UMNO,Ahd Shabery Cheek,win,UMNO,BN,12306,45525,79973,56.93,91942,86.98,93,6,1,1,0
Terengganu,40,Kemaman,PR,PKR,Kamarudin Chik,lose,UMNO,BN,12306,33219,79973,41.54,91942,86.98,93,6,1,1,0
Pulau Pinang,41,Kepala Batas,BN,UMNO,Reezal Merican Bib Naina Merican,win,UMNO,BN,4176,25128,46665,53.85,51635,90.37,76,19,4,0,0
Pulau Pinang,41,Kepala Batas,PR,PAS,Afnan Hamimi Taib Azamudden,lose,UMNO,BN,4176,20952,46665,44.9,51635,90.37,76,19,4,0,0
Pulau Pinang,42,Tasek Gelugor,PR,PAS,Abdul Rahman B Maidin,lose,UMNO,BN,3042,21351,48009,44.47,54042,88.84,78,15,7,1,0
Pulau Pinang,42,Tasek Gelugor,IND,IND,Mohd Shariff Omar,lose,UMNO,BN,3042,1590,48009,3.31,54042,88.84,78,15,7,1,0
Pulau Pinang,42,Tasek Gelugor,BN,UMNO,Shabudin Yahaya,win,UMNO,BN,3042,24393,48009,50.81,54042,88.84,78,15,7,1,0
Pulau Pinang,43,Bagan,BN,MCA,Chua Teik Siang,lose,DAP,PR,34159,12307,59735,20.6,68503,87.2,15,70,15,0,0
Pulau Pinang,43,Bagan,PR,DAP,Lim Guan Eng,win,DAP,PR,34159,46466,59735,77.79,68503,87.2,15,70,15,0,0
Pulau Pinang,43,Bagan,PCM,PCM,Lim Kim Chu,lose,DAP,PR,34159,328,59735,0.55,68503,87.2,15,70,15,0,0
Pulau Pinang,44,Permatang Pauh,IND,IND,Abdullah Zawawi Samsudin,lose,PKR,PR,11721,201,63332,0.32,71699,88.33,70,23,6,1,0
Pulau Pinang,44,Permatang Pauh,PR,PKR,Anwar Ibrahim,win,PKR,PR,11721,37090,63332,58.56,71699,88.33,70,23,6,1,0
Pulau Pinang,44,Permatang Pauh,BN,UMNO,Mazlan Ismail,lose,PKR,PR,11721,25369,63332,40.06,71699,88.33,70,23,6,1,0
Pulau Pinang,45,Bukit Mertajam,BN,MCA,Gui Guat Lye,lose,DAP,PR,43063,12814,69403,18.46,78996,87.86,19,71,10,0,0
Pulau Pinang,45,Bukit Mertajam,PR,DAP,Sim Chee Keong,win,DAP,PR,43063,55877,69403,80.51,78996,87.86,19,71,10,0,0
Pulau Pinang,46,Batu Kawan,BN,MIC,Gobalakrishnan A/L Narayanasamy,lose,DAP,PR,25962,10674,50139,21.29,57500,87.2,21,56,23,1,0
Pulau Pinang,46,Batu Kawan,PCM,PCM,Huan Cheng Guan,lose,DAP,PR,25962,1801,50139,3.59,57500,87.2,21,56,23,1,0
Pulau Pinang,46,Batu Kawan,PR,DAP,Kasthuriraani A/P Patto,win,DAP,PR,25962,36636,50139,73.07,57500,87.2,21,56,23,1,0
Pulau Pinang,46,Batu Kawan,IND,IND,Mohan A/L Apparoo,lose,DAP,PR,25962,305,50139,0.61,57500,87.2,21,56,23,1,0
Pulau Pinang,47,Nibong Tebal,PR,PKR,Mansor Othman,win,PKR,PR,8598,30003,52538,57.11,59345,88.53,45,37,18,0,0
Pulau Pinang,47,Nibong Tebal,IND,IND,Teng Kok Pheng,lose,PKR,PR,8598,297,52538,0.57,59345,88.53,45,37,18,0,0
Pulau Pinang,47,Nibong Tebal,BN,UMNO,Zainal Abidin Osman,lose,PKR,PR,8598,21405,52538,40.74,59345,88.53,45,37,18,0,0
Pulau Pinang,48,Bukit Bendera,BN,GERAKAN,Teh Leong Meng,lose,DAP,PR,32778,12813,59019,21.71,71085,83.03,14,74,11,1,0
Pulau Pinang,48,Bukit Bendera,PR,DAP,Zairil Khir Johari,win,DAP,PR,32778,45591,59019,77.25,71085,83.03,14,74,11,1,0
Pulau Pinang,49,Tanjong,BN,GERAKAN,Ng Song Kheng,lose,DAP,PR,28645,6865,42870,16.01,51487,83.26,5,85,9,0,0
Pulau Pinang,49,Tanjong,PR,DAP,Ng Wei Aik,win,DAP,PR,28645,35510,42870,82.83,51487,83.26,5,85,9,0,0
Pulau Pinang,50,Jelutong,BN,GERAKAN,Ng Fook On,lose,DAP,PR,25750,17461,61441,28.42,71247,86.24,22,67,11,1,0
Pulau Pinang,50,Jelutong,PR,DAP,Ooi Chuan Aun,win,DAP,PR,25750,43211,61441,70.33,71247,86.24,22,67,11,1,0
Pulau Pinang,51,Bukit Gelugor,PR,DAP,Karpal Singh A/L Ram Singh,win,DAP,PR,41778,55839,70554,79.14,81897,86.15,14,74,10,1,0
Pulau Pinang,51,Bukit Gelugor,BN,MCA,Teh Beng Yeam,lose,DAP,PR,41778,14061,70554,19.93,81897,86.15,14,74,10,1,0
Pulau Pinang,52,Bayan Baru,BN,MCA,Tang Heap Seng,lose,PKR,PR,19307,24251,68659,35.32,79155,86.74,39,49,11,1,0
Pulau Pinang,52,Bayan Baru,PR,PKR,Sim Tze Tzin,win,PKR,PR,19307,43558,68659,63.44,79155,86.74,39,49,11,1,0
Pulau Pinang,53,Balik Pulau,BN,UMNO,Hilmi Yahaya,win,UMNO,BN,1539,22318,43709,51.06,49641,88.05,63,32,4,0,0
Pulau Pinang,53,Balik Pulau,PR,PKR,Muhammad Bakhtiar Wan Chik,lose,UMNO,BN,1539,20779,43709,47.54,49641,88.05,63,32,4,0,0
Perak,54,Grik,BN,UMNO,Hasbullah Osman,win,UMNO,BN,6216,16415,27108,60.55,32725,82.84,68,16,4,12,0
Perak,54,Grik,PR,PAS,Norhayati Ti Kasim,lose,UMNO,BN,6216,10199,27108,37.62,32725,82.84,68,16,4,12,0
Perak,55,Lenggong,PR,PAS,Razman Zakaria,lose,UMNO,BN,3453,9832,23485,41.87,27950,84.03,82,14,2,2,0
Perak,55,Lenggong,BN,UMNO,Shamsul Anuar Nasarah,win,UMNO,BN,3453,13285,23485,56.57,27950,84.03,82,14,2,2,0
Perak,56,Larut,BN,UMNO,Hamzah Zainudin,win,UMNO,BN,5296,22184,39929,55.56,46577,85.73,89,5,6,0,0
Perak,56,Larut,IND,IND,Raveendran A/L M.Vallikana,lose,BN,BN,5296,278,39929,0.7,46577,85.73,89,5,6,0,0
Perak,56,Larut,PR,PAS,Mohd Fauzi Sa'Ari,lose,BN,BN,5296,16888,39929,42.3,46577,85.73,89,5,6,0,0
Perak,57,Parit Buntar,BN,UMNO,Mua'Amar Ghadafi Jamal Jamaludin,lose,PAS,PR,8476,17539,44172,39.71,51422,85.9,68,27,5,0,0
Perak,57,Parit Buntar,PR,PAS,Mujahid Yusof,win,PAS,PR,8476,26015,44172,58.89,51422,85.9,68,27,5,0,0
Perak,58,Bagan Serai,IND,IND,Abdul Latif Masud,lose,UMNO,BN,1140,329,46313,0.71,54792,84.53,76,14,10,0,0
Perak,58,Bagan Serai,PR,PKR,Mohd Nor Hj. R. M. Monutty,lose,UMNO,BN,1140,21874,46313,47.23,54792,84.53,76,14,10,0,0
Perak,58,Bagan Serai,BN,UMNO,Noor Azmi Ghazali,win,UMNO,BN,1140,23014,46313,49.69,54792,84.53,76,14,10,0,0
Perak,59,Bukit Gantang,BN,UMNO,Ismail Saffian,lose,PAS,PR,986,29577,60888,48.58,71257,85.45,65,25,10,0,0
Perak,59,Bukit Gantang,PR,PAS,Idris Ahmad,win,PAS,PR,986,30563,60888,50.2,71257,85.45,65,25,10,0,0
Perak,60,Taiping,BN,GERAKAN,Tan Lian Hoe,lose,DAP,PR,11745,25530,63749,40.05,78148,81.57,37,48,13,2,0
Perak,60,Taiping,PR,DAP,Nga Kor Ming,win,DAP,PR,11745,37275,63749,58.47,78148,81.57,37,48,13,2,0
Perak,61,Padang Rengas,PR,PKR,Meor Ahmad Isharra Ishak,lose,UMNO,BN,2230,10775,24190,44.54,28518,84.82,76,17,7,0,0
Perak,61,Padang Rengas,BN,UMNO,Mohamed Nazri Abdul Aziz,win,UMNO,BN,2230,13005,24190,53.76,28518,84.82,76,17,7,0,0
Perak,62,Sungai Siput,IND,IND,Nagalingam A/L Singaravelloo,lose,PKR,PR,2793,197,41561,0.47,51596,80.55,33,39,21,7,0
Perak,62,Sungai Siput,PR,PKR,Michael Jeyakumar Devaraj,win,PKR,PR,2793,21593,41561,51.95,51596,80.55,33,39,21,7,0
Perak,62,Sungai Siput,BN,MIC,Devamany A/L S Krishnasamy,lose,PKR,PR,2793,18800,41561,45.23,51596,80.55,33,39,21,7,0
Perak,63,Tambun,BN,UMNO,Ahmad Husni Mohamad Hanadzlah,win,UMNO,BN,9325,42093,76052,55.35,89435,85.04,64,22,12,2,0
Perak,63,Tambun,PR,PKR,Siti Aishah Ti Shaik Ismail,lose,UMNO,BN,9325,32768,76052,43.09,89435,85.04,64,22,12,2,0
Perak,64,Ipoh Timor,BN,MCA,Kathleen Wong Mei Yin,lose,DAP,PR,34000,15086,65006,23.21,81818,79.45,14,79,5,1,0
Perak,64,Ipoh Timor,PR,DAP,Su Keong Siong,win,DAP,PR,34000,49086,65006,75.51,81818,79.45,14,79,5,1,0
Perak,65,Ipoh Barat,IND,IND,Kalwant Singh A/L Sujan Singh,lose,DAP,PR,29038,235,62912,0.37,77761,80.9,14,62,23,1,0
Perak,65,Ipoh Barat,PR,DAP,M. Kulasegaran A/L V. Murugeson,win,DAP,PR,29038,45420,62912,72.2,77761,80.9,14,62,23,1,0
Perak,65,Ipoh Barat,BN,MCA,Cheng Wei Yee,lose,DAP,PR,29038,16382,62912,26.04,77761,80.9,14,62,23,1,0
Perak,66,Batu Gajah,PR,DAP,Sivakumar A/L Varatharaju Naidu,win,DAP,PR,38596,53900,70152,76.83,87587,80.09,11,74,15,1,0
Perak,66,Batu Gajah,BN,MCA,Loo Thin Tuck,lose,DAP,PR,38596,15304,70152,21.82,87587,80.09,11,74,15,1,0
Perak,67,Kuala Kangsar,IND,IND,Kamilia Ti Ibrahim,lose,UMNO,BN,1082,447,28208,1.58,33540,84.1,68,24,7,1,0
Perak,67,Kuala Kangsar,PR,PAS,Khalil Idham Lim Abdullah,lose,UMNO,BN,1082,13136,28208,46.57,33540,84.1,68,24,7,1,0
Perak,67,Kuala Kangsar,BN,UMNO,Wan Mohammad Khair-Il Anuar Wan Ahmad,win,UMNO,BN,1082,14218,28208,50.4,33540,84.1,68,24,7,1,0
Perak,68,Beruas,BN,GERAKAN,Chang Ko Youn,lose,DAP,PR,5057,16882,39508,42.73,49205,80.29,33,52,15,0,0
Perak,68,Beruas,PR,DAP,Ngeh Koo Ham,win,DAP,PR,5057,21939,39508,55.53,49205,80.29,33,52,15,0,0
Perak,69,Parit,BN,UMNO,Mohd Zaim Abu Hasan,win,UMNO,BN,4497,16253,28541,56.95,33503,85.19,92,3,3,2,0
Perak,69,Parit,PR,PAS,Muhammad Ismi Mat Taib,lose,UMNO,BN,4497,11756,28541,41.19,33503,85.19,92,3,3,2,0
Perak,70,Kampar,BN,MCA,Lee Chee Leong,lose,DAP,PR,5400,21463,49142,43.68,63619,77.24,29,60,9,2,0
Perak,70,Kampar,PR,DAP,Ko Chung Sen,win,DAP,PR,5400,26863,49142,54.66,63619,77.24,29,60,9,2,0
Perak,71,Gopeng,PR,PKR,Lee Boon Chye,win,PKR,PR,15309,47558,81236,58.54,97092,83.67,43,46,9,2,0
Perak,71,Gopeng,BN,MCA,Tan Chin Meng,lose,PKR,PR,15309,32249,81236,39.7,97092,83.67,43,46,9,2,0
Perak,72,Tapah,IND,IND,Ridzuan Bani,lose,MIC,BN,7927,337,36843,0.91,45485,81,46,28,13,13,0
Perak,72,Tapah,Berjasa,Berjasa,Shaharuzzaman Bistamam,lose,MIC,BN,7927,2053,36843,5.57,45485,81,46,28,13,13,0
Perak,72,Tapah,PR,PKR,Vasantha Kumar A/L Krishnan,lose,MIC,BN,7927,12743,36843,34.59,45485,81,46,28,13,13,0
Perak,72,Tapah,BN,MIC,Saravanan A/L Murugan,win,MIC,BN,7927,20670,36843,56.1,45485,81,46,28,13,13,0
Perak,73,Pasir Salak,BN,UMNO,Tajuddin Abdul Rahman,win,UMNO,BN,7386,24875,43372,57.35,51498,84.22,79,14,4,4,0
Perak,73,Pasir Salak,PR,PKR,Mustaffa Kamil Ayub,lose,UMNO,BN,7386,17489,43372,40.32,51498,84.22,79,14,4,4,0
Perak,74,Lumut,BN,MCA,Kong Cho Ha,lose,PKR,PR,8168,32140,73581,43.68,88300,83.33,51,35,12,1,0
Perak,74,Lumut,PR,PKR,Mohamad Imran Abd Hamid,win,PKR,PR,8168,40308,73581,54.78,88300,83.33,51,35,12,1,0
Perak,75,Bagan Datok,PR,PKR,Madhi Hasan,lose,UMNO,BN,2108,15068,32960,45.72,39924,82.56,55,20,24,2,0
Perak,75,Bagan Datok,BN,UMNO,Ahmad Zahid Hamidi,win,UMNO,BN,2108,17176,32960,52.11,39924,82.56,55,20,24,2,0
Perak,76,Telok Intan,PR,DAP,Seah Leong Peng,win,DAP,PR,7313,27399,48649,56.32,60483,80.43,38,42,19,1,0
Perak,76,Telok Intan,BN,MCA,Mah Siew Keong,lose,DAP,PR,7313,20086,48649,41.29,60483,80.43,38,42,19,1,0
Perak,76,Telok Intan,IND,IND,Moralingam A/L Kannan,lose,DAP,PR,7313,279,48649,0.57,60483,80.43,38,42,19,1,0
Perak,77,Tanjong Malim,BN,MCA, Seri Ong Ka Chuan,win,MCA,BN,4328,28225,53237,53.02,64499,82.54,53,27,14,6,0
Perak,77,Tanjong Malim,PR,PKR,Tan Yee Kew,lose,MCA,BN,4328,23897,53237,44.89,64499,82.54,53,27,14,6,0
Pahang,78,Cameron Highlands,IND,IND,Alagu A/L Thangarajoo,lose,MIC,BN,462,308,22748,1.35,27980,81.3,34,32,12,21,0
Pahang,78,Cameron Highlands,IND,IND,Kisho Kumar A/L Kathirveloo,lose,MIC,BN,462,101,22748,0.44,27980,81.3,34,32,12,21,0
Pahang,78,Cameron Highlands,PR,DAP,Manogaran A/L Marimuthu,lose,MIC,BN,462,10044,22748,44.15,27980,81.3,34,32,12,21,0
Pahang,78,Cameron Highlands,Berjasa,Berjasa,Mohd Shokri Mahmood,lose,MIC,BN,462,912,22748,4.01,27980,81.3,34,32,12,21,0
Pahang,78,Cameron Highlands,BN,MIC,Palanivel A/L K. Govindasamy,win,MIC,BN,462,10506,22748,46.18,27980,81.3,34,32,12,21,0
Pahang,79,Lipis,BN,UMNO,Abdul Rahman Mohamad,win,UMNO,BN,3469,14863,26986,55.08,32324,83.49,76,17,6,1,0
Pahang,79,Lipis,IND,IND,Aishaton Ti Abu Bakar,lose,UMNO,BN,3469,303,26986,1.12,32324,83.49,76,17,6,1,0
Pahang,79,Lipis,PR,PAS,Mohd Mahyuddin Ghazal @ Razali,lose,UMNO,BN,3469,11394,26986,42.22,32324,83.49,76,17,6,1,0
Pahang,80,Raub,BN,MCA,Hoh Khai Mun,lose,DAP,PR,2814,20601,44943,45.84,54214,82.9,50,40,6,4,0
Pahang,80,Raub,PR,DAP,Mohd Ariff Sabri Abdul Aziz,win,DAP,PR,2814,23415,44943,52.1,54214,82.9,50,40,6,4,0
Pahang,81,Jerantut,BN,UMNO,Ahmad Nazlan Idris,win,UMNO,BN,4532,26544,49461,53.67,58364,84.75,81,14,3,3,0
Pahang,81,Jerantut,PR,PAS,Hamzah Jaaffar,lose,UMNO,BN,4532,22012,49461,44.5,58364,84.75,81,14,3,3,0
Pahang,82,Indera Mahkota,BN,UMNO,Adnan Wan Mamat,lose,PKR,PR,7523,23061,54527,42.29,64219,84.91,65,29,6,1,0
Pahang,82,Indera Mahkota,PR,PKR,Fauzi Abdul Rahman,win,PKR,PR,7523,30584,54527,56.09,64219,84.91,65,29,6,1,0
Pahang,82,Indera Mahkota,IND,IND,Ponusamy A/L Govindasamy,lose,PKR,PR,7523,193,54527,0.35,64219,84.91,65,29,6,1,0
Pahang,83,Kuantan,PR,PKR,Fuziah Ti Salleh,win,PKR,PR,4515,25834,47723,54.13,56280,84.8,62,33,4,1,0
Pahang,83,Kuantan,BN,UMNO,Mohamed Suffian Awang,lose,PKR,PR,4515,21319,47723,44.67,56280,84.8,62,33,4,1,0
Pahang,84,Paya Besar,BN,UMNO,Abdul Manan Ismail,win,UMNO,BN,7715,23747,40694,58.36,48067,84.66,81,15,2,2,0
Pahang,84,Paya Besar,PR,PKR,Murnie Hidayah Ti Anuar,lose,UMNO,BN,7715,16032,40694,39.4,48067,84.66,81,15,2,2,0
Pahang,84,Paya Besar,IND,IND,Zahari Mamat,lose,UMNO,BN,7715,272,40694,0.67,48067,84.66,81,15,2,2,0
Pahang,85,Pekan,BN,UMNO,Mohd Najib Hj Abd Razak,win,UMNO,BN,35613,51278,68218,75.17,80260,85,88,2,1,9,0
Pahang,85,Pekan,PR,PKR,Mohd. Fariz B. Abd. Talib @ Musa,lose,UMNO,BN,35613,15665,68218,22.96,80260,85,88,2,1,9,0
Pahang,86,Maran,BN,UMNO,Ismail Abd. Muttalib,win,UMNO,BN,6475,19249,32595,59.06,38436,84.8,90,7,1,2,0
Pahang,86,Maran,PR,PAS,Mujibur Rahman Ishak,lose,UMNO,BN,6475,12774,32595,39.19,38436,84.8,90,7,1,2,0
Pahang,87,Kuala Krau,BN,UMNO,Ismail Mohamed Said,win,UMNO,BN,6205,21575,37548,57.46,43003,87.31,90,3,3,5,0
Pahang,87,Kuala Krau,PR,PAS,Shahril Azman Abd Halim,lose,UMNO,BN,6205,15370,37548,40.93,43003,87.31,90,3,3,5,0
Pahang,88,Temerloh,PR,PAS,Nasrudin Hassan,win,PAS,PR,1070,28267,56441,50.08,66105,85.38,64,24,9,3,0
Pahang,88,Temerloh,BN,UMNO,Saifuddin Abdullah,lose,PAS,PR,1070,27197,56441,48.19,66105,85.38,64,24,9,3,0
Pahang,89,Bentong,BN,MCA,Liow Tiong Lai,win,MCA,BN,379,25947,52503,49.42,62266,84.32,44,44,9,3,0
Pahang,89,Bentong,PR,DAP,Wong Tack,lose,MCA,BN,379,25568,52503,48.7,62266,84.32,44,44,9,3,0
Pahang,90,Bera,BN,UMNO,Ismail Sabri Yaakob,win,UMNO,BN,2143,21669,42830,50.59,50997,83.99,59,32,4,5,0
Pahang,90,Bera,IND,IND,Mohd Wali Alang Ahamad,lose,UMNO,BN,2143,670,42830,1.56,50997,83.99,59,32,4,5,0
Pahang,90,Bera,PR,PKR,Zakaria Abdul Hamid,lose,UMNO,BN,2143,19526,42830,45.59,50997,83.99,59,32,4,5,0
Pahang,91,Rompin,BN,UMNO,Jamaludin Jarjis,win,UMNO,BN,15114,30040,45849,65.52,53596,85.55,87,2,1,9,0
Pahang,91,Rompin,PR,PAS,Nuridah Ti Mohd Salleh,lose,UMNO,BN,15114,14926,45849,32.55,53596,85.55,87,2,1,9,0
Selangor,92,Sabak Bernam,PR,PKR,Abdul Aziz Bari,lose,UMNO,BN,1644,14743,31697,46.51,37318,84.94,81,13,5,2,0
Selangor,92,Sabak Bernam,BN,UMNO,Mohd Fasiah Mohd Fakeh,win,UMNO,BN,1644,16387,31697,51.7,37318,84.94,81,13,5,2,0
Selangor,93,Sungai Besar,PR,PAS,Mohamed Salleh M Husin,lose,UMNO,BN,399,18296,37681,48.55,42837,87.96,66,31,2,2,0
Selangor,93,Sungai Besar,BN,UMNO,Noriah Ti Kasnon,win,UMNO,BN,399,18695,37681,49.61,42837,87.96,66,31,2,2,0
Selangor,94,Ulu Selangor,PR,PKR,Khalid Jaafar,lose,MIC,BN,3414,33989,74939,45.36,85697,87.45,56,23,18,3,0
Selangor,94,Ulu Selangor,BN,MIC,P.Kamalanathan A/L P.Panchanathan,win,MIC,BN,3414,37403,74939,49.91,85697,87.45,56,23,18,3,0
Selangor,94,Ulu Selangor,IND,IND,Radzali Mokhtar,lose,MIC,BN,3414,1105,74939,1.47,85697,87.45,56,23,18,3,0
Selangor,94,Ulu Selangor,IND,IND,Santhara Kumar A/L Ramanaidu,lose,MIC,BN,3414,999,74939,1.33,85697,87.45,56,23,18,3,0
Selangor,95,Tanjong Karang,IND,IND,Masrun Tamsi,lose,UMNO,BN,4394,340,37676,0.9,42333,89,72,17,10,1,0
Selangor,95,Tanjong Karang,BN,UMNO,Noh Omar,win,UMNO,BN,4394,20548,37676,54.54,42333,89,72,17,10,1,0
Selangor,95,Tanjong Karang,PR,PAS,Mohamad Rashdi Deraman,lose,UMNO,BN,4394,16154,37676,42.88,42333,89,72,17,10,1,0
Selangor,96,Kuala Selangor,PR,PAS,Dzulkefly Ahmad,lose,UMNO,BN,460,27040,55474,48.74,62298,89.05,64,13,22,1,0
Selangor,96,Kuala Selangor,BN,UMNO,Irmohizam Ibrahim,win,UMNO,BN,460,27500,55474,49.57,62298,89.05,64,13,22,1,0
Selangor,97,Selayang,PR,PKR,William Leong Jee Keen,win,PKR,PR,17846,52287,92315,56.64,105895,87.18,45,36,17,2,0
Selangor,97,Selayang,BN,MCA,Lim Siang Chai,lose,PKR,PR,17846,34441,92315,37.31,105895,87.18,45,36,17,2,0
Selangor,97,Selayang,Berjasa,Berjasa,Haji Mohd Hazizi Ab. Rahman,lose,PKR,PR,17846,4152,92315,4.5,105895,87.18,45,36,17,2,0
Selangor,98,Gombak,PR,PKR,Mohamed Azmin Ali,win,PKR,PR,4734,54827,106747,51.36,123290,86.58,74,13,11,2,0
Selangor,98,Gombak,IND,IND,Said Nazar Abu Baker,lose,PKR,PR,4734,474,106747,0.44,123290,86.58,74,13,11,2,0
Selangor,98,Gombak,BN,UMNO,Raman Ismail,lose,PKR,PR,4734,50093,106747,46.93,123290,86.58,74,13,11,2,0
Selangor,99,Ampang,PR,PKR,Zuraida Ti Kamaruddin,win,PKR,PR,13278,41969,71398,58.78,83135,85.88,55,33,10,2,0
Selangor,99,Ampang,BN,UMNO,Rozaidah Ti Talib,lose,PKR,PR,13278,28691,71398,40.18,83135,85.88,55,33,10,2,0
Selangor,100,Pandan,PR,PKR,Mohd Rafizi Ramli,win,PKR,PR,26729,48183,73074,65.94,83857,87.14,44,48,6,1,0
Selangor,100,Pandan,IND,IND,Tan Yew Leng,lose,PKR,PR,26729,2415,73074,3.3,83857,87.14,44,48,6,1,0
Selangor,100,Pandan,BN,MCA,Lim Chin Yee,lose,PKR,PR,26729,21454,73074,29.36,83857,87.14,44,48,6,1,0
Selangor,101,Hulu Langat,BN,UMNO,Adzhaliza Ti Mohd Nor,lose,PAS,PR,17267,46860,112322,41.72,127347,88.2,53,34,11,2,0
Selangor,101,Hulu Langat,PR,PAS,Che Rosli Che Mat,win,PAS,PR,17267,64127,112322,57.09,127347,88.2,53,34,11,2,0
Selangor,102,Serdang,BN,MCA,Yap Pian Hon,lose,DAP,PR,42206,37032,118031,31.37,133139,88.65,39,49,11,1,0
Selangor,102,Serdang,PR,DAP,Ong Kian Ming,win,DAP,PR,42206,79238,118031,67.13,133139,88.65,39,49,11,1,0
Selangor,103,Puchong,PR,DAP,God Singh Deo,win,DAP,PR,32802,62938,94325,66.72,107010,88.15,39,44,16,2,0
Selangor,103,Puchong,BN,GERAKAN,A. Kohilan Pillay A/L G. Appu,lose,DAP,PR,32802,30136,94325,31.95,107010,88.15,39,44,16,2,0
Selangor,104,Kelana Jaya,BN,MCA,Loh Seng Kok,lose,PKR,PR,28827,27963,86276,32.41,101236,85.22,38,42,18,2,0
Selangor,104,Kelana Jaya,IND,IND,Toh Sin Wah,lose,PKR,PR,28827,363,86276,0.42,101236,85.22,38,42,18,2,0
Selangor,104,Kelana Jaya,PR,PKR,Wong Chen,win,PKR,PR,28827,56790,86276,65.82,101236,85.22,38,42,18,2,0
Selangor,105,PJ Selatan,IND,IND,Ibrahim Khatib,lose,PKR,PR,19216,1447,65185,2.22,79558,81.93,40,42,17,2,0
Selangor,105,PJ Selatan,PR,PKR,Hee Loy Sian,win,PKR,PR,19216,41062,65185,62.99,79558,81.93,40,42,17,2,0
Selangor,105,PJ Selatan,BN,MCA,Sheah Kok Fah,lose,PKR,PR,19216,21846,65185,33.51,79558,81.93,40,42,17,2,0
Selangor,106,PJ Utara,BN,MCA,Chew Hoong Ling,lose,DAP,PR,44672,12735,70614,18.03,85401,82.69,14,77,7,1,0
Selangor,106,PJ Utara,PR,DAP,Pua Kiam Wee,win,DAP,PR,44672,57407,70614,81.3,85401,82.69,14,77,7,1,0
Selangor,107,Subang,PR,PKR,Sivarasa A/L K. Rasiah,win,PKR,PR,26719,66268,112618,58.84,128543,87.61,47,38,13,2,0
Selangor,107,Subang,BN,MIC,Pakas Rao A/L Applanaidoo,lose,PKR,PR,26719,39549,112618,35.12,128543,87.61,47,38,13,2,0
Selangor,107,Subang,IND,IND,Edros Abdullah,lose,PKR,PR,26719,218,112618,0.19,128543,87.61,47,38,13,2,0
Selangor,107,Subang,Berjasa,Berjasa,Mohamad Ismail,lose,PKR,PR,26719,4454,112618,3.95,128543,87.61,47,38,13,2,0
Selangor,107,Subang,IND,IND,Nazaruddin Mohamed Ferdoos,lose,PKR,PR,26719,460,112618,0.41,128543,87.61,47,38,13,2,0
Selangor,108,Shah Alam,PR,PAS,Khalid Abd Samad,win,PAS,PR,10939,49009,87942,55.73,99957,87.98,69,15,14,2,0
Selangor,108,Shah Alam,BN,BN,Zulkifli Noordin,lose,PAS,PR,10939,38070,87942,43.29,99957,87.98,69,15,14,2,0
Selangor,109,Kapar,BN,MIC,Sakthivel A/L Alagappan,lose,PKR,PR,23790,46059,126709,36.35,144159,87.9,51,34,14,2,0
Selangor,109,Kapar,IND,IND,Norhamzah Suratman,lose,PKR,PR,23790,1067,126709,0.84,144159,87.9,51,34,14,2,0
Selangor,109,Kapar,IND,IND,Palaya A/L Rengaiah,lose,PKR,PR,23790,231,126709,0.18,144159,87.9,51,34,14,2,0
Selangor,109,Kapar,Berjasa,Berjasa,Mohd Pathan Hussin,lose,PKR,PR,23790,6289,126709,4.96,144159,87.9,51,34,14,2,0
Selangor,109,Kapar,PR,PKR,G Manivannan A/L Gowindasamy,win,PKR,PR,23790,69849,126709,55.13,144159,87.9,51,34,14,2,0
Selangor,109,Kapar,IND,IND,Mohd Nazri Abdul Aziz,lose,PKR,PR,23790,835,126709,0.66,144159,87.9,51,34,14,2,0
Selangor,110,Klang,BN,MCA,Teh Kim Poo,lose,DAP,PR,24685,29034,84096,34.52,97073,86.63,32,46,20,2,0
Selangor,110,Klang,PR,DAP,Charles Anthony A/L R. Santiago,win,DAP,PR,24685,53719,84096,63.88,97073,86.63,32,46,20,2,0
Selangor,111,Kota Raja,IND,IND,Uthayakumar A/L Ponnusamy,lose,PAS,PR,29395,2364,92563,2.55,105909,87.4,44,25,29,2,0
Selangor,111,Kota Raja,BN,MIC,Murugesan A/L Sinnandavar,lose,PAS,PR,29395,29711,92563,32.1,105909,87.4,44,25,29,2,0
Selangor,111,Kota Raja,IND,IND,Azman Idrus,lose,PAS,PR,29395,280,92563,0.3,105909,87.4,44,25,29,2,0
Selangor,111,Kota Raja,PR,PAS,Siti Mariah Ti Mahmud,win,PAS,PR,29395,59106,92563,63.85,105909,87.4,44,25,29,2,0
Selangor,112,Kuala Langat,BN,UMNO,Sharuddin Omar,lose,PKR,PR,5358,35625,78551,45.35,88474,88.78,52,26,17,5,0
Selangor,112,Kuala Langat,IND,IND,Kottappan A/L Suppaiah,lose,PKR,PR,5358,426,78551,0.54,88474,88.78,52,26,17,5,0
Selangor,112,Kuala Langat,PR,PKR,Abdullah Sani Abdul Hamid,win,PKR,PR,5358,40983,78551,52.17,88474,88.78,52,26,17,5,0
Selangor,113,Sepang,PR,PAS,Mohamed Hanipa Maidin,win,PAS,PR,1104,36774,74944,49.07,84362,88.84,57,22,16,5,0
Selangor,113,Sepang,IND,IND,Hanapiah Mohamad,lose,PAS,PR,1104,318,74944,0.42,84362,88.84,57,22,16,5,0
Selangor,113,Sepang,IND,IND,Suhaimi Mohd Ghazali,lose,PAS,PR,1104,963,74944,1.28,84362,88.84,57,22,16,5,0
Selangor,113,Sepang,BN,UMNO,Mohd Zin Mohamed,lose,PAS,PR,1104,35670,74944,47.6,84362,88.84,57,22,16,5,0
W.P. Kuala Lumpur,114,Kepong,IND,IND,Yee Poh Ping,lose,DAP,PR,40307,2757,58512,4.71,68035,86,4,88,6,1,0
W.P. Kuala Lumpur,114,Kepong,PR,DAP,Tan Seng Giaw @ Tan Chun Tin,win,DAP,PR,40307,47837,58512,81.76,68035,86,4,88,6,1,0
W.P. Kuala Lumpur,114,Kepong,BN,PPP,Chandrakumanan A/L Arumugam,lose,DAP,PR,40307,7530,58512,12.87,68035,86,4,88,6,1,0
W.P. Kuala Lumpur,115,Batu,PR,PKR,Chua Tian Chang,win,PKR,PR,13284,41672,71988,57.89,85402,84.29,44,38,16,2,0
W.P. Kuala Lumpur,115,Batu,IND,IND,Atan Jasin,lose,PKR,PR,13284,164,71988,0.23,85402,84.29,44,38,16,2,0
W.P. Kuala Lumpur,115,Batu,Berjasa,Berjasa,Hashim Abdul Karim,lose,PKR,PR,13284,949,71988,1.32,85402,84.29,44,38,16,2,0
W.P. Kuala Lumpur,115,Batu,BN,GERAKAN,Dominic Lau Hoe Chai,lose,PKR,PR,13284,28388,71988,39.43,85402,84.29,44,38,16,2,0
W.P. Kuala Lumpur,115,Batu,IND,IND,Nazariah Ti Abbas,lose,PKR,PR,13284,209,71988,0.29,85402,84.29,44,38,16,2,0
W.P. Kuala Lumpur,116,Wangsa Maju,BN,UMNO,Mohd Shafei Abdullah,lose,PKR,PR,5511,26130,58146,44.94,67775,85.79,53,36,9,2,0
W.P. Kuala Lumpur,116,Wangsa Maju,PR,PKR,Tan Kee Kwong,win,PKR,PR,5511,31641,58146,54.42,67775,85.79,53,36,9,2,0
W.P. Kuala Lumpur,117,Segambut,PR,DAP,Lim Lip Eng,win,DAP,PR,19199,41383,64052,64.61,75631,84.69,33,53,12,2,0
W.P. Kuala Lumpur,117,Segambut,BN,GERAKAN,Jayanthi Devi A/P Balaguru,lose,DAP,PR,19199,22184,64052,34.63,75631,84.69,33,53,12,2,0
W.P. Kuala Lumpur,118,Setiawangsa,BN,UMNO,Ahmad Fauzi Zahari,win,UMNO,BN,1390,26809,52730,50.84,62309,84.63,56,30,11,3,0
W.P. Kuala Lumpur,118,Setiawangsa,PR,PKR,Ibrahim Yaacob,lose,UMNO,BN,1390,25419,52730,48.21,62309,84.63,56,30,11,3,0
W.P. Kuala Lumpur,119,Titiwangsa,BN,UMNO,Johari Abdul Ghani,win,UMNO,BN,866,23034,45513,50.61,55282,82.33,68,20,10,2,0
W.P. Kuala Lumpur,119,Titiwangsa,PR,PAS,Ahmad Zamri Asa'Ad Khuzami,lose,UMNO,BN,866,22168,45513,48.71,55282,82.33,68,20,10,2,0
W.P. Kuala Lumpur,120,Bukit tang,BN,MCA,Gan Joon Zin,lose,DAP,PR,19399,11009,41772,26.35,55721,74.97,14,73,11,2,0
W.P. Kuala Lumpur,120,Bukit tang,PR,DAP,Fong Kui Lun,win,DAP,PR,19399,30408,41772,72.8,55721,74.97,14,73,11,2,0
W.P. Kuala Lumpur,121,Lembah Pantai,PR,PKR,Nurul Izzah Ti Anwar,win,PKR,PR,1847,31008,60855,50.95,72396,84.06,55,23,20,2,0
W.P. Kuala Lumpur,121,Lembah Pantai,IND,IND,Rusli Baba,lose,PKR,PR,1847,167,60855,0.27,72396,84.06,55,23,20,2,0
W.P. Kuala Lumpur,121,Lembah Pantai,BN,UMNO,Raja Nong Chik Raja Zainal Abidin,lose,PKR,PR,1847,29161,60855,47.92,72396,84.06,55,23,20,2,0
W.P. Kuala Lumpur,122,Seputeh,PR,DAP,Teresa Kok Suh Sim,win,DAP,PR,51552,61500,71750,85.71,85976,83.45,5,88,6,1,0
W.P. Kuala Lumpur,122,Seputeh,BN,MCA,Wong Siaw Ting,lose,DAP,PR,51552,9948,71750,13.86,85976,83.45,5,88,6,1,0
W.P. Kuala Lumpur,123,Cheras,BN,MCA,Teoh Chee Hooi,lose,DAP,PR,37409,10840,59404,18.25,72551,81.88,10,82,7,1,0
W.P. Kuala Lumpur,123,Cheras,PR,DAP,Tan Kok Wai,win,DAP,PR,37409,48249,59404,81.22,72551,81.88,10,82,7,1,0
W.P. Kuala Lumpur,124,Bandar Tun Razak,IND,IND,Mohamad Sukeri Abdul Samat,lose,PKR,PR,11832,793,78147,1.01,90993,85.88,52,37,9,2,0
W.P. Kuala Lumpur,124,Bandar Tun Razak,IND,IND,Mokhtar Salahudin,lose,PKR,PR,11832,191,78147,0.24,90993,85.88,52,37,9,2,0
W.P. Kuala Lumpur,124,Bandar Tun Razak,BN,MCA,Tan Kok Eng,lose,PKR,PR,11832,32235,78147,41.25,90993,85.88,52,37,9,2,0
W.P. Kuala Lumpur,124,Bandar Tun Razak,PR,PKR,Abd Khalid Ibrahim,win,PKR,PR,11832,44067,78147,56.39,90993,85.88,52,37,9,2,0
W.P. Kuala Lumpur,125,Putrajaya,BN,UMNO,Tengku Adnan Tengku Mansor,win,UMNO,BN,5541,9943,14418,68.96,15791,91.31,94,1,3,2,0
W.P. Kuala Lumpur,125,Putrajaya,PR,PAS,Husam Musa,lose,UMNO,BN,5541,4402,14418,30.53,15791,91.31,94,1,3,2,0
Negeri Sembilan,126,Jelebu,BN,UMNO,Zainudin Ismail,win,UMNO,BN,7101,22114,37883,58.37,44937,84.3,63,26,6,5,0
Negeri Sembilan,126,Jelebu,PR,PAS,Raj Munni Ti Sabu,lose,UMNO,BN,7101,15013,37883,39.63,44937,84.3,63,26,6,5,0
Negeri Sembilan,127,Jempol,PR,PAS,Wan Aishah Ti Wan Ariffin,lose,UMNO,BN,8614,22495,54701,41.12,65213,83.88,60,25,13,2,0
Negeri Sembilan,127,Jempol,BN,UMNO,Mohd Isa Abdul Samad,win,UMNO,BN,8614,31109,54701,56.87,65213,83.88,60,25,13,2,0
Negeri Sembilan,128,Seremban,Berjasa,Berjasa,Abdul Halim Abdullah,lose,DAP,PR,12553,6866,87359,7.86,102305,85.39,44,41,14,2,0
Negeri Sembilan,128,Seremban,IND,IND,John A/L Fernandez,lose,DAP,PR,12553,221,87359,0.25,102305,85.39,44,41,14,2,0
Negeri Sembilan,128,Seremban,IND,IND,Bujang Abu,lose,DAP,PR,12553,83,87359,0.1,102305,85.39,44,41,14,2,0
Negeri Sembilan,128,Seremban,PR,DAP,Loke Siew Fook,win,DAP,PR,12553,45628,87359,52.23,102305,85.39,44,41,14,2,0
Negeri Sembilan,128,Seremban,BN,MCA,Yeow Chai Thiam,lose,DAP,PR,12553,33075,87359,37.86,102305,85.39,44,41,14,2,0
Negeri Sembilan,129,Kuala Pilah,BN,UMNO,Hasan Malek,win,UMNO,BN,9661,24507,40147,61.04,47671,84.22,76,17,5,2,0
Negeri Sembilan,129,Kuala Pilah,PR,PKR,Mohd Nazree Mohd Yunus,lose,UMNO,BN,9661,14846,40147,36.98,47671,84.22,76,17,5,2,0
Negeri Sembilan,130,Rasah,BN,MCA,Teo Eng Kian,lose,DAP,PR,23485,25479,75651,33.68,88403,85.58,28,48,22,2,0
Negeri Sembilan,130,Rasah,PR,DAP,Teo Kok Seong,win,DAP,PR,23485,48964,75651,64.72,88403,85.58,28,48,22,2,0
Negeri Sembilan,131,Rembau,IND,IND,Abdul Aziz Hassan,lose,UMNO,BN,18357,325,69288,0.47,79661,86.98,70,12,16,1,0
Negeri Sembilan,131,Rembau,BN,UMNO,Khairy Jamaluddin Abu Bakar,win,UMNO,BN,18357,43053,69288,62.14,79661,86.98,70,12,16,1,0
Negeri Sembilan,131,Rembau,PR,PKR,Radzali A. Ghani,lose,UMNO,BN,18357,24696,69288,35.64,79661,86.98,70,12,16,1,0
Negeri Sembilan,132,Teluk Kemang,IND,IND,Kamarudin Kumaravel Abdullah,lose,PKR,PR,1579,394,59855,0.66,70524,84.87,42,34,21,3,0
Negeri Sembilan,132,Teluk Kemang,PR,PKR,Kamarul Baharin Abbas,win,PKR,PR,1579,29848,59855,49.87,70524,84.87,42,34,21,3,0
Negeri Sembilan,132,Teluk Kemang,BN,MIC,Mogan A/L Velayatham,lose,PKR,PR,1579,28269,59855,47.23,70524,84.87,42,34,21,3,0
Negeri Sembilan,133,Tampin,PR,PAS,Abdul Razakek Abdul Rahim,lose,UMNO,BN,11162,18228,48660,37.46,57268,84.97,61,24,13,2,0
Negeri Sembilan,133,Tampin,BN,UMNO,Shaziman Abu Mansor,win,UMNO,BN,11162,29390,48660,60.4,57268,84.97,61,24,13,2,0
Melaka,134,Masjid Tanah,BN,UMNO,Mas Ermieyati Ti Samsudin,win,UMNO,BN,16200,27688,39742,69.67,45952,86.49,82,13,4,1,0
Melaka,134,Masjid Tanah,PR,PAS,Mohd Nasaie Ismail,lose,UMNO,BN,16200,11488,39742,28.91,45952,86.49,82,13,4,1,0
Melaka,135,Alor Gajah,PR,DAP,Damian Yeo Shen Li,lose,MCA,BN,11597,20997,55010,38.17,63591,86.51,58,28,13,1,0
Melaka,135,Alor Gajah,BN,MCA,Koh Nai Kwong,win,MCA,BN,11597,32594,55010,59.25,63591,86.51,58,28,13,1,0
Melaka,136,Tangga Batu,BN,UMNO,Abu Bakar Mohamad Diah,win,UMNO,BN,15633,39468,64289,61.39,73282,87.73,68,25,4,4,0
Melaka,136,Tangga Batu,PR,PKR,Rahim Ali,lose,UMNO,BN,15633,23835,64289,37.07,73282,87.73,68,25,4,4,0
Melaka,137,Bukit Katil,PR,PKR,Shamsul Iskandar @ Yusre Mohd Akin,win,PKR,PR,5447,46167,87939,52.5,99438,88.44,53,41,6,1,0
Melaka,137,Bukit Katil,BN,UMNO,Haji Mohd Ali Haji Mohd Rustam,lose,PKR,PR,5447,40720,87939,46.3,99438,88.44,53,41,6,1,0
Melaka,138,Kota Melaka,BN,MCA,Yee Kok Wah,lose,DAP,PR,20746,28775,79464,36.21,92322,86.07,36,59,4,2,0
Melaka,138,Kota Melaka,PR,DAP,Sim Tong Him,win,DAP,PR,20746,49521,79464,62.32,92322,86.07,36,59,4,2,0
Melaka,139,Jasin,PR,PKR,Rahmat Yusof,lose,UMNO,BN,11763,21973,56710,38.75,64455,87.98,71,18,10,1,0
Melaka,139,Jasin,BN,UMNO,Ahmad Hamzah,win,UMNO,BN,11763,33736,56710,59.49,64455,87.98,71,18,10,1,0
Johor,140,Segamat,BN,MIC,Subramaniam A/L K.V Sathasivam,win,MIC,BN,1217,20037,39807,50.34,47009,84.68,44,46,10,1,0
Johor,140,Segamat,PR,PKR,Chua Jui Meng,lose,MIC,BN,1217,18820,39807,47.28,47009,84.68,44,46,10,1,0
Johor,141,Sekijang,PR,PKR,Julailey Jemadi,lose,UMNO,BN,3007,16927,37448,45.2,43066,86.95,55,39,5,1,0
Johor,141,Sekijang,BN,UMNO,Anuar Abd. Manap,win,UMNO,BN,3007,19934,37448,53.23,43066,86.95,55,39,5,1,0
Johor,142,Labis,PR,DAP,Ramakrishnan A/L Suppiah,lose,MCA,BN,353,15468,31978,48.37,37714,84.79,36,46,15,2,0
Johor,142,Labis,BN,MCA,Chua Tee Yong,win,MCA,BN,353,15821,31978,49.47,37714,84.79,36,46,15,2,0
Johor,143,Pagoh,BN,UMNO,Muhyiddin Md Yasin,win,UMNO,BN,12842,26274,40515,64.85,46793,86.58,64,31,4,1,0
Johor,143,Pagoh,PR,PAS,Mohamad Rozali Jamil,lose,UMNO,BN,12842,13432,40515,33.15,46793,86.58,64,31,4,1,0
Johor,144,Ledang,BN,UMNO,Hamim Samuri,win,UMNO,BN,1967,30619,60348,50.74,69316,87.06,53,41,5,1,0
Johor,144,Ledang,PR,PKR,Hassan Abdul Karim,lose,UMNO,BN,1967,28652,60348,47.48,69316,87.06,53,41,5,1,0
Johor,145,Bakri,BN,MCA,Lee Ching Yong,lose,DAP,PR,5067,26051,58270,44.71,67202,86.71,44,53,2,1,0
Johor,145,Bakri,PR,DAP,Er Teck Hwa,win,DAP,PR,5067,31118,58270,53.4,67202,86.71,44,53,2,1,0
Johor,146,Muar,PR,PKR,Nor Hizwan Ahmad,lose,UMNO,BN,1646,19221,40892,47,48208,84.82,62,35,1,1,0
Johor,146,Muar,BN,UMNO,Razali Ibrahim,win,UMNO,BN,1646,20867,40892,51.03,48208,84.82,62,35,1,1,0
Johor,147,Parit Sulong,PR,PAS,Khairuddin A Rahim,lose,UMNO,BN,11753,18505,49715,37.22,56896,87.38,72,22,0,5,0
Johor,147,Parit Sulong,BN,UMNO,Noraini Ti Ahmad,win,UMNO,BN,11753,30258,49715,60.86,56896,87.38,72,22,0,5,0
Johor,148,Ayer Hitam,PR,PAS,Hu Pang Chaw,lose,MCA,BN,7310,14735,37747,39.04,42913,87.96,56,38,4,2,0
Johor,148,Ayer Hitam,BN,MCA,Wee Ka Siong,win,MCA,BN,7310,22045,37747,58.4,42913,87.96,56,38,4,2,0
Johor,149,Sri Gading,PR,PKR,Mohd Khuzzan Abu Bakar,lose,UMNO,BN,5761,16692,39818,41.92,44816,88.85,63,34,1,2,0
Johor,149,Sri Gading,BN,UMNO,Ab Aziz Kaprawi,win,UMNO,BN,5761,22453,39818,56.39,44816,88.85,63,34,1,2,0
Johor,150,Batu Pahat,PR,PKR,Mohd Idris Jusi,win,PKR,PR,1732,38667,77047,50.19,88272,87.28,52,46,1,1,0
Johor,150,Batu Pahat,BN,UMNO,Mohd Puad Zarkashi,lose,PKR,PR,1732,36935,77047,47.94,88272,87.28,52,46,1,1,0
Johor,151,Simpang Renggam,PR,PAS,Suhaizan Kaiat,lose,GERAKAN,BN,5706,14048,34670,40.52,40143,86.37,56,33,9,1,0
Johor,151,Simpang Renggam,BN,GERAKAN,Liang Teck Meng,win,GERAKAN,BN,5706,19754,34670,56.98,40143,86.37,56,33,9,1,0
Johor,152,Kluang,BN,MCA,Hou Kok Chung,lose,DAP,PR,7359,33215,75081,44.24,86732,86.57,39,49,10,2,0
Johor,152,Kluang,PR,DAP,Liew Chin Tong,win,DAP,PR,7359,40574,75081,54.04,86732,86.57,39,49,10,2,0
Johor,153,Sembrong,BN,UMNO,Hishammuddin  Hussein,win,UMNO,BN,10631,22841,35860,63.69,41588,86.23,58,31,9,2,0
Johor,153,Sembrong,PR,PKR,Onn Abu Bakar,lose,UMNO,BN,10631,12210,35860,34.05,41588,86.23,58,31,9,2,0
Johor,154,Mersing,PR,PAS,Roslan Nikmat,lose,UMNO,BN,15747,10437,37299,27.98,44497,83.82,78,16,1,5,0
Johor,154,Mersing,BN,UMNO,Abd. Latiff Ahmad,win,UMNO,BN,15747,26184,37299,70.2,44497,83.82,78,16,1,5,0
Johor,155,Tenggara,BN,UMNO,Halimah Ti Mohd Sadique,win,UMNO,BN,17196,25698,34876,73.68,39694,87.86,72,17,7,4,0
Johor,155,Tenggara,PR,PAS,Muhamad Said Jonit,lose,UMNO,BN,17196,8502,34876,24.38,39694,87.86,72,17,7,4,0
Johor,156,Kota Tinggi,PR,PAS,Onn Jaafar,lose,UMNO,BN,24574,5799,36868,15.73,41894,88,86,11,2,1,0
Johor,156,Kota Tinggi,BN,UMNO,Noor Ehsanuddin Mohd Harun Narrashid,win,UMNO,BN,24574,30373,36868,82.38,41894,88,86,11,2,1,0
Johor,157,Pengerang,PR,PKR,Tengku Intan Ti Tengku Abdul Hamid,lose,UMNO,BN,22508,4484,32969,13.6,37999,86.76,87,10,1,2,0
Johor,157,Pengerang,BN,UMNO,Azalina Ti Othman,win,UMNO,BN,22508,26992,32969,81.87,37999,86.76,87,10,1,2,0
Johor,157,Pengerang,IND,IND,Mohd Azaman Johari,lose,UMNO,BN,22508,795,32969,2.41,37999,86.76,87,10,1,2,0
Johor,158,Tebrau,PR,PKR,Choong Shiau Yoon,lose,MCA,BN,1767,38218,79754,47.92,90482,88.14,47,38,13,2,0
Johor,158,Tebrau,BN,MCA,Khoo Soo Seang,win,MCA,BN,1767,39985,79754,50.14,90482,88.14,47,38,13,2,0
Johor,159,Pasir Gudang,PR,PKR,Ahmad Faidhi Saidi,lose,UMNO,BN,935,42899,86845,49.4,101041,85.95,47,38,11,3,0
Johor,159,Pasir Gudang,BN,UMNO,Normala Ti Abdul Samad,win,UMNO,BN,935,43834,86845,50.47,101041,85.95,47,38,11,3,0
Johor,160,Johor Bahru,BN,UMNO,Sharil @ Shahrir Ab Samad,win,UMNO,BN,10134,44285,79723,55.55,96321,82.77,51,43,5,2,0
Johor,160,Johor Bahru,PR,PKR,Md Hashim Hussein,lose,UMNO,BN,10134,34151,79723,42.84,96321,82.77,51,43,5,2,0
Johor,161,Pulai,BN,UMNO,Nur Jazlan Mohamed,win,UMNO,BN,3226,43751,85762,51.01,100490,85.34,47,41,10,2,0
Johor,161,Pulai,PR,PAS,Salahuddin Ayub,lose,UMNO,BN,3226,40525,85762,47.25,100490,85.34,47,41,10,2,0
Johor,162,Gelang Patah,BN,UMNO,A. Ghani Othman,lose,DAP,PR,14762,39522,94865,41.66,106726,88.89,34,52,12,1,0
Johor,162,Gelang Patah,PR,DAP,Lim Kit Siang,win,DAP,PR,14762,54284,94865,57.22,106726,88.89,34,52,12,1,0
Johor,163,Kulai,PR,DAP,Teo Nie Ching,win,DAP,PR,13450,43338,74896,57.86,83991,89.17,32,56,10,1,0
Johor,163,Kulai,BN,MCA,Tay Chin Hein,lose,DAP,PR,13450,29888,74896,39.91,83991,89.17,32,56,10,1,0
Johor,163,Kulai,IND,IND,Surendiran A/L Kuppayah,lose,DAP,PR,13450,238,74896,0.32,83991,89.17,32,56,10,1,0
Johor,164,Pontian,PR,PKR,Haniff @ Ghazali Hosman,lose,UMNO,BN,13727,14077,42754,32.93,49633,86.14,69,27,1,3,0
Johor,164,Pontian,BN,UMNO,Ahmad Maslan,win,UMNO,BN,13727,27804,42754,65.03,49633,86.14,69,27,1,3,0
Johor,165,Tanjung Piai,BN,MCA,Wee Jeck Seng,win,MCA,BN,5457,25038,45537,54.98,51875,87.78,50,47,1,2,0
Johor,165,Tanjung Piai,PR,DAP,Mahdzir Ibrahim,lose,MCA,BN,5457,19581,45537,43,51875,87.78,50,47,1,2,0
Sabah,166,Labuan,PR,PKR,Tan Sri Ibrahim Menudin,lose,UMNO,BN,6625,6069,19356,31.35,24474,79.09,60,23,0,3,14
Sabah,166,Labuan,BN,UMNO,Rozman Isli,win,UMNO,BN,6625,12694,19356,65.58,24474,79.09,60,23,0,3,14
Sabah,166,Labuan,PR,PAS,Hadnan Mohamad,lose,UMNO,BN,6625,386,19356,1.99,24474,79.09,60,23,0,3,14
Sabah,167,Kudat,SAPP,SAPP,Mojurip Diyun,lose,UMNO,BN,12376,963,36355,2.65,47249,76.94,47,11,0,2,40
Sabah,167,Kudat,PR,PKR,Rahimah Ti Majid,lose,UMNO,BN,12376,9507,36355,26.15,47249,76.94,47,11,0,2,40
Sabah,167,Kudat,BN,UMNO, Abd Rahim Bakri,win,UMNO,BN,12376,21883,36355,60.19,47249,76.94,47,11,0,2,40
Sabah,167,Kudat,STAR,STAR,Jutirim Galibai Galabi,lose,UMNO,BN,12376,3083,36355,8.48,47249,76.94,47,11,0,2,40
Sabah,168,Kota Marudu,STAR,STAR,Majamis Timbong,lose,PBS,BN,842,2228,33077,6.74,42197,78.39,26,2,0,1,71
Sabah,168,Kota Marudu,BN,PBS,Johnity @ Maximus Ongkili,win,PBS,BN,842,15168,33077,45.86,42197,78.39,26,2,0,1,71
Sabah,168,Kota Marudu,SAPP,SAPP,Yuntau Kolod @ Kuntau Kolod,lose,PBS,BN,842,444,33077,1.34,42197,78.39,26,2,0,1,71
Sabah,168,Kota Marudu,PR,PKR,Maijol Mahap,lose,PBS,BN,842,14326,33077,43.31,42197,78.39,26,2,0,1,71
Sabah,169,Kota Belud,STAR,STAR,Jalumin Bayogoh,lose,UMNO,BN,5095,2709,43423,6.24,51467,84.37,59,2,0,0,39
Sabah,169,Kota Belud,IND,IND,Lamsil Amidsor,lose,UMNO,BN,5095,979,43423,2.25,51467,84.37,59,2,0,0,39
Sabah,169,Kota Belud,BN,UMNO, Abd Rahman Dahlan,win,UMNO,BN,5095,21768,43423,50.13,51467,84.37,59,2,0,0,39
Sabah,169,Kota Belud,IND,IND,Kanul Gindol,lose,UMNO,BN,5095,185,43423,0.43,51467,84.37,59,2,0,0,39
Sabah,169,Kota Belud,PR,PKR,Isnaraissah Munirah Bt. Majilis @ Fakharudy,lose,UMNO,BN,5095,16673,43423,38.4,51467,84.37,59,2,0,0,39
Sabah,170,Tuaran,IND,IND,Erveana Ansari Ali,lose,UPKO,BN,5190,2264,40748,5.56,48276,84.41,44,6,0,0,50
Sabah,170,Tuaran,BN,UPKO,Madius Tangau,win,UPKO,BN,5190,20685,40748,50.76,48276,84.41,44,6,0,0,50
Sabah,170,Tuaran,PR,PKR,Mojilip Bumburing @ Wilfred,lose,UPKO,BN,5190,15495,40748,38.03,48276,84.41,44,6,0,0,50
Sabah,170,Tuaran,STAR,STAR,Samin @ Jasmin Dulin,lose,UPKO,BN,5190,1509,40748,3.7,48276,84.41,44,6,0,0,50
Sabah,171,Sepanggar,SAPP,SAPP,Chin Hon Kiong,lose,UMNO,BN,9442,4070,43416,9.37,53374,81.34,52,19,0,3,26
Sabah,171,Sepanggar,STAR,STAR,Daniel John Jambun,lose,UMNO,BN,9442,1931,43416,4.45,53374,81.34,52,19,0,3,26
Sabah,171,Sepanggar,PR,DAP,Jeffrey Kumin @ John,lose,UMNO,BN,9442,13403,43416,30.87,53374,81.34,52,19,0,3,26
Sabah,171,Sepanggar,BN,UMNO, Jumat Idris,win,UMNO,BN,9442,22845,43416,52.62,53374,81.34,52,19,0,3,26
Sabah,172,Kota Kinabalu,PR,DAP,Wong Sze Phin @ Jimmy,win,DAP,PR,18959,28516,39488,72.21,50516,78.17,15,70,0,2,13
Sabah,172,Kota Kinabalu,BN,PBS,Chin Tek Ming,lose,DAP,PR,18959,9557,39488,24.2,50516,78.17,15,70,0,2,13
Sabah,172,Kota Kinabalu,STAR,STAR,Liew Hock Leong @ Michael,lose,DAP,PR,18959,909,39488,2.3,50516,78.17,15,70,0,2,13
Sabah,173,Putatan,PR,DAP,Lee Han Kyun @ Joseph Lee,lose,UPKO,BN,9507,7958,29760,26.74,37490,79.38,63,19,0,3,15
Sabah,173,Putatan,BN,UPKO,Makin @ Marcus Mojigoh,win,UPKO,BN,9507,17465,29760,58.69,37490,79.38,63,19,0,3,15
Sabah,173,Putatan,STAR,STAR,Awang Ahmad Sah,lose,UPKO,BN,9507,2604,29760,8.75,37490,79.38,63,19,0,3,15
Sabah,173,Putatan,SAPP,SAPP,Duli @ Dullie Mari @ Marie,lose,UPKO,BN,9507,1068,29760,3.59,37490,79.38,63,19,0,3,15
Sabah,174,Penampang,BN,UPKO,Bernard Giluk Dompok,lose,PKR,PR,10216,12382,36553,33.87,44323,82.47,16,32,0,2,50
Sabah,174,Penampang,STAR,STAR,Melania @ Melanie Annol,lose,PKR,PR,9507,1119,36553,3.06,44323,82.47,16,32,0,2,50
Sabah,174,Penampang,PR,PKR,Ignatius Dorell Leiking,win,PKR,PR,9507,22598,36553,61.82,44323,82.47,16,32,0,2,50
Sabah,175,Papar,STAR,STAR,Balon Mujim,lose,UMNO,BN,10535,838,33194,2.52,38771,85.62,60,9,0,1,30
Sabah,175,Papar,PR,PKR,Mohammad Yahya @ Yahya Lampong,lose,UMNO,BN,10535,10661,33194,32.12,38771,85.62,60,9,0,1,30
Sabah,175,Papar,BN,UMNO, Rosnah Ti Hj Abd Rashid Shirlin,win,UMNO,BN,10535,21196,33194,63.85,38771,85.62,60,9,0,1,30
Sabah,176,Kimanis,STAR,STAR,Lusin Balangon,lose,UMNO,BN,5723,240,23128,1.04,26628,86.86,60,4,0,2,34
Sabah,176,Kimanis,SAPP,SAPP,Jamil William Core,lose,UMNO,BN,5723,650,23128,2.81,26628,86.86,60,4,0,2,34
Sabah,176,Kimanis,BN,UMNO, Anifah Aman @ Haniff Amman,win,UMNO,BN,5723,13754,23128,59.47,26628,86.86,60,4,0,2,34
Sabah,176,Kimanis,PR,PKR,Jaafar Ismail,lose,UMNO,BN,5723,8031,23128,34.72,26628,86.86,60,4,0,2,34
Sabah,177,Beaufort,STAR,STAR,Guan Dee Koh Hoi,lose,UMNO,BN,673,409,25949,1.58,30097,86.22,61,8,0,1,30
Sabah,177,Beaufort,BN,UMNO, Azizah Ti Mohd Dun,win,UMNO,BN,673,12827,25949,49.43,30097,86.22,61,8,0,1,30
Sabah,177,Beaufort,PR,PKR,Lajim Ukin,lose,UMNO,BN,673,12154,25949,46.84,30097,86.22,61,8,0,1,30
Sabah,178,Sipitang,BN,UMNO, Sapawi Amat Wasali @ Ahmad,win,UMNO,BN,9469,16377,24329,67.31,29177,83.38,58,4,0,2,36
Sabah,178,Sipitang,SAPP,SAPP,Kamis Daming,lose,UMNO,BN,9469,505,24329,2.08,29177,83.38,58,4,0,2,36
Sabah,178,Sipitang,PR,PKR,Ramle Dua @ Ramli Dua Lee,lose,UMNO,BN,9469,6908,24329,28.39,29177,83.38,58,4,0,2,36
Sabah,179,Ranau,PR,PKR,Jonathan Yasin,lose,UPKO,BN,3611,11823,31396,37.66,39053,80.39,11,2,0,0,87
Sabah,179,Ranau,IND,IND,Yazid Sahjinan,lose,UPKO,BN,3611,914,31396,2.91,39053,80.39,11,2,0,0,87
Sabah,179,Ranau,BN,UPKO,Ewon E,win,UPKO,BN,3611,15434,31396,49.16,39053,80.39,11,2,0,0,87
Sabah,179,Ranau,STAR,STAR,Ulianah Bte Situn @ Widya Julia,lose,UPKO,BN,3611,2559,31396,8.15,39053,80.39,11,2,0,0,87
Sabah,180,Keningau,STAR,STAR,Gapari Katingan @ Geoffrey Kitingan,lose,PBS,BN,3918,11900,36098,32.97,43691,82.62,18,10,0,2,70
Sabah,180,Keningau,BN,PBS,Joseph Pairin Kitingan,win,PBS,BN,3918,15818,36098,43.82,43691,82.62,18,10,0,2,70
Sabah,180,Keningau,PR,PKR,Stephen Sandor,lose,PBS,BN,3918,7825,36098,21.68,43691,82.62,18,10,0,2,70
Sabah,181,Tenom,SAPP,SAPP,Jaineh Juaya @ Jimmy Jawatah,lose,UMNO,BN,3886,1766,20926,8.44,25304,82.7,21,12,0,1,66
Sabah,181,Tenom,STAR,STAR,Hasmin @ Azroy Abdullah,lose,UMNO,BN,3886,2449,20926,11.7,25304,82.7,21,12,0,1,66
Sabah,181,Tenom,BN,UMNO, Raime Unggi,win,UMNO,BN,3886,9771,20926,46.69,25304,82.7,21,12,0,1,66
Sabah,181,Tenom,PR,PKR,Masdin Tumas,lose,UMNO,BN,3886,5885,20926,28.12,25304,82.7,21,12,0,1,66
Sabah,181,Tenom,KITA,KITA,Mutang @ Sylvester Dawat,lose,UMNO,BN,3886,423,20926,2.02,25304,82.7,21,12,0,1,66
Sabah,182,Pensiangan,STAR,STAR,Martin Tomy @ Tommy,lose,PBRS,BN,1744,3554,21379,16.62,26194,81.62,12,1,0,1,86
Sabah,182,Pensiangan,PR,PKR,Richard Sakian Gunting,lose,PBRS,BN,1744,7723,21379,36.12,26194,81.62,12,1,0,1,86
Sabah,182,Pensiangan,BN,PBRS,Joseph Kurup,win,PBRS,BN,1744,9467,21379,44.28,26194,81.62,12,1,0,1,86
Sabah,182,Pensiangan,IND,IND,Fatimah Ti Agitor @ Mohd Daud,lose,PBRS,BN,1744,152,21379,0.71,26194,81.62,12,1,0,1,86
Sabah,183,Beluran,BN,UMNO,Ronald Kiandee,win,UMNO,BN,9988,13174,18914,69.65,24688,76.61,40,1,0,3,56
Sabah,183,Beluran,STAR,STAR,Raimon Lanjat,lose,UMNO,BN,9988,1460,18914,7.72,24688,76.61,40,1,0,3,56
Sabah,183,Beluran,PR,PKR,James Miki,lose,UMNO,BN,9988,3186,18914,16.84,24688,76.61,40,1,0,3,56
Sabah,183,Beluran,IND,IND,Datu Kamaruddin Datu Mustapha,lose,UMNO,BN,9988,542,18914,2.87,24688,76.61,40,1,0,3,56
Sabah,184,Libaran,BN,UMNO, Juslie Ajirol,win,UMNO,BN,11586,19584,32017,61.17,39772,80.5,57,21,0,7,15
Sabah,184,Libaran,IND,IND,Sahar Saka,lose,UMNO,BN,11586,3219,32017,10.05,39772,80.5,57,21,0,7,15
Sabah,184,Libaran,PR,PKR,Mohd Serman Hassnar,lose,UMNO,BN,11586,7998,32017,24.98,39772,80.5,57,21,0,7,15
Sabah,184,Libaran,STAR,STAR,Rosnah Ti Unsari,lose,UMNO,BN,11586,502,32017,1.57,39772,80.5,57,21,0,7,15
Sabah,185,Batu Sapi,BN,PBS,Tsen Thau Lin,win,PBS,BN,3798,13085,23356,56.02,30199,77.34,51,33,0,8,8
Sabah,185,Batu Sapi,STAR,STAR,Saiful Bahari Rashada Ahmad,lose,PBS,BN,3798,410,23356,1.76,30199,77.34,51,33,0,8,8
Sabah,185,Batu Sapi,PR,PAS,Hamza A. Abdullah @ Hamzah,lose,PBS,BN,3798,9287,23356,39.76,30199,77.34,51,33,0,8,8
Sabah,186,Sandakan,BN,LDP,Liew Vui Keong,lose,DAP,PR,1088,13138,27889,47.11,37058,75.26,34,53,0,5,8
Sabah,186,Sandakan,PR,DAP,Wong Tien Fatt @ Wong Nyuk Foh,win,DAP,PR,1088,14226,27889,51.01,37058,75.26,34,53,0,5,8
Sabah,187,Kinabatangan,PR,PKR,Abdullah Abdul Sani,lose,UMNO,BN,9731,3646,19960,18.27,24748,80.65,42,0,0,6,52
Sabah,187,Kinabatangan,BN,UMNO, Moktar Radin,win,UMNO,BN,9731,13377,19960,67.02,24748,80.65,42,0,0,6,52
Sabah,187,Kinabatangan,IND,IND,Haji Ali Latip Haji Taha,lose,UMNO,BN,9731,1130,19960,5.66,24748,80.65,42,0,0,6,52
Sabah,187,Kinabatangan,STAR,STAR,Yambuya Parantis @ Cyril Pongod,lose,UMNO,BN,9731,1153,19960,5.78,24748,80.65,42,0,0,6,52
Sabah,188,Silam,IND,IND,Dumi Pg. Masdal,lose,UMNO,BN,13387,4959,39606,12.52,51662,76.66,64,13,0,10,13
Sabah,188,Silam,PR,PKR,Badrulamin Bahron,lose,UMNO,BN,13387,9671,39606,24.42,51662,76.66,64,13,0,10,13
Sabah,188,Silam,BN,UMNO,Datu Nasrun Datu Mansur,win,UMNO,BN,13387,23058,39606,58.22,51662,76.66,64,13,0,10,13
Sabah,188,Silam,STAR,STAR,Apas @ Nawawie Saking,lose,UMNO,BN,13387,841,39606,2.12,51662,76.66,64,13,0,10,13
Sabah,189,Semporna,BN,UMNO, Mohd Shafie Apdal,win,UMNO,BN,20905,25559,31523,81.08,41549,75.87,96,2,0,2,0
Sabah,189,Semporna,PR,PKR,Zamree @ Mohd Suffian B Abdul Habi,lose,UMNO,BN,20905,4654,31523,14.76,41549,75.87,96,2,0,2,0
Sabah,189,Semporna,IND,IND,Datu Badaruddin Tun Datu Hj Mustapha,lose,UMNO,BN,20905,325,31523,1.03,41549,75.87,96,2,0,2,0
Sabah,190,Tawau,BN,PBS,Yap Kain Ching @ Mary Yap Ken Jin,win,PBS,BN,4979,21331,39658,53.79,51538,76.95,50,38,0,8,4
Sabah,190,Tawau,PR,PKR,Kong Hong Ming @ Kong Fo Min,lose,PBS,BN,4979,16352,39658,41.23,51538,76.95,50,38,0,8,4
Sabah,190,Tawau,SAPP,SAPP,Chua Soon Bui,lose,PBS,BN,4979,633,39658,1.6,51538,76.95,50,38,0,8,4
Sabah,190,Tawau,IND,IND,Ahmad Awang @ Madon,lose,PBS,BN,4979,553,39658,1.39,51538,76.95,50,38,0,8,4
Sabah,191,Kalabakan,IND,IND,Yahya Zainal,lose,UMNO,BN,14221,132,36132,0.37,46793,77.22,70,11,0,12,7
Sabah,191,Kalabakan,STAR,STAR,Malvine Reyes,lose,UMNO,BN,14221,603,36132,1.67,46793,77.22,70,11,0,12,7
Sabah,191,Kalabakan,IND,IND,Siamsir Borhan,lose,UMNO,BN,14221,891,36132,2.47,46793,77.22,70,11,0,12,7
Sabah,191,Kalabakan,IND,IND,Freddie Japat Anak Simbol,lose,UMNO,BN,14221,137,36132,0.38,46793,77.22,70,11,0,12,7
Sabah,191,Kalabakan,IND,IND,Mohd Manuke,lose,UMNO,BN,14221,1313,36132,3.63,46793,77.22,70,11,0,12,7
Sabah,191,Kalabakan,BN,UMNO,Abdul Ghapur Salleh,win,UMNO,BN,14221,23125,36132,64,46793,77.22,70,11,0,12,7
Sabah,191,Kalabakan,PR,PAS,Usman Madeaming,lose,UMNO,BN,14221,8904,36132,24.64,46793,77.22,70,11,0,12,7
Sarawak,192,Mas Gading,BN,SPDP,Nogeh Anak Gumbek,win,SPDP,BN,2156,8265,20353,40.61,25771,78.98,13,19,0,0,68
Sarawak,192,Mas Gading,STAR,STAR,Patrick Anek Uren,lose,SPDP,BN,2156,462,20353,2.27,25771,78.98,13,19,0,0,68
Sarawak,192,Mas Gading,PR,DAP,Mordi Anak Bimol,lose,SPDP,BN,2156,5293,20353,26.01,25771,78.98,13,19,0,0,68
Sarawak,192,Mas Gading,IND,IND,Tekhee @ Tiki Anak Lafe,lose,SPDP,BN,2156,6109,20353,30.02,25771,78.98,13,19,0,0,68
Sarawak,193,Santubong,BN,PBB,Wan Junaidi Tuanku Jaafar,win,PBB,BN,20936,24655,29207,84.41,37017,78.9,83,8,0,0,9
Sarawak,193,Santubong,IND,IND,Affendi Jeman,lose,PBB,BN,20936,233,29207,0.8,37017,78.9,83,8,0,0,9
Sarawak,193,Santubong,PR,PKR,Zulrusdi Mohamad Hol,lose,PBB,BN,20936,3719,29207,12.73,37017,78.9,83,8,0,0,9
Sarawak,193,Santubong,STAR,STAR,Mura Kadir,lose,PBB,BN,20936,206,29207,0.71,37017,78.9,83,8,0,0,9
Sarawak,194,Petra Jaya,PR,PKR,Ahmad Nazib Johari,lose,PBB,BN,21443,8116,37996,21.36,49750,76.37,79,12,0,1,8
Sarawak,194,Petra Jaya,BN,PBB,Fadillah Yusof,win,PBB,BN,21443,29559,37996,77.8,49750,76.37,79,12,0,1,8
Sarawak,195,Bandar Kuching,BN,SUPP,Tan Kai,lose,DAP,PR,19642,10491,40825,25.7,53336,76.54,5,91,0,1,3
Sarawak,195,Bandar Kuching,PR,DAP,Chong Chieng Jen,win,DAP,PR,19642,30133,40825,73.81,53336,76.54,5,91,0,1,3
Sarawak,196,Stampin,BN,SUPP,Yong Khoon Hian @ Yong Khoon Seng,lose,DAP,PR,18670,22993,65383,35.17,84732,77.16,13,73,0,1,13
Sarawak,196,Stampin,PR,DAP,Julian Tan Kok Ping,win,DAP,PR,18670,41663,65383,63.72,84732,77.16,13,73,0,1,13
Sarawak,196,Stampin,STAR,STAR,Soo Lina,lose,DAP,PR,18670,239,65383,0.37,84732,77.16,13,73,0,1,13
Sarawak,197,Kota Samarahan,BN,PBB,Rubiah Ti Wang,win,PBB,BN,17401,24202,31531,76.76,38158,82.63,65,12,0,1,22
Sarawak,197,Kota Samarahan,PR,PAS,Abang Ahmad Kerdee Abang Masagus,lose,PBB,BN,17401,6801,31531,21.57,38158,82.63,65,12,0,1,22
Sarawak,198,Mambong,PR,PKR,Willie Anak Mongin,lose,PBB,BN,9721,10740,32579,32.97,42344,76.94,12,27,0,0,61
Sarawak,198,Mambong,STAR,STAR,Dripin Anak Sakoi,lose,PBB,BN,9721,704,32579,2.16,42344,76.94,12,27,0,0,61
Sarawak,198,Mambong,BN,PBB,James Dawos Mamit,win,PBB,BN,9721,20461,32579,62.8,42344,76.94,12,27,0,0,61
Sarawak,199,Serian,PR,DAP,Edward Anak Andrew Luwak,lose,SUPP,BN,13151,6343,26523,23.92,33713,78.67,15,10,0,0,75
Sarawak,199,Serian,STAR,STAR,Johnny Anak Aput,lose,SUPP,BN,13151,390,26523,1.47,33713,78.67,15,10,0,0,75
Sarawak,199,Serian,BN,SUPP,Richard Riot Anak Jaem,win,SUPP,BN,13151,19494,26523,73.5,33713,78.67,15,10,0,0,75
Sarawak,200,Batang Sadong,PR,PAS,Mohamad Jolhi,lose,PBB,BN,11260,2017,15521,13,19839,78.23,74,5,0,0,21
Sarawak,200,Batang Sadong,BN,PBB,Nancy Ti Shukri,win,PBB,BN,11260,13277,15521,85.54,19839,78.23,74,5,0,0,21
Sarawak,201,Batang Lupar,PR,PKR,Abang Zulkifli Abang Engkeh,lose,PBB,BN,10964,4661,20711,22.5,27360,75.7,77,3,0,0,20
Sarawak,201,Batang Lupar,BN,PBB,Rohani Ti Abdul Karim,win,PBB,BN,10964,15625,20711,75.44,27360,75.7,77,3,0,0,20
Sarawak,202,Sri Aman,PR,PKR,Nicholas Mujah Anak Ason,lose,PRS,BN,6550,5618,22353,25.13,29789,75.04,20,17,0,0,63
Sarawak,202,Sri Aman,BN,PRS,Masir Anak Kujat,win,PRS,BN,6550,12168,22353,54.44,29789,75.04,20,17,0,0,63
Sarawak,202,Sri Aman,SWP,SWP,Wilfred Stephen,lose,PRS,BN,6550,476,22353,2.13,29789,75.04,20,17,0,0,63
Sarawak,202,Sri Aman,IND,IND,Donald Lawan,lose,PRS,BN,6550,3867,22353,17.3,29789,75.04,20,17,0,0,63
Sarawak,203,Lubok Antu,PR,PKR,Nicholas Bawin Anak Anggat,lose,PRS,BN,4091,2530,15138,16.71,19303,78.42,18,8,0,0,74
Sarawak,203,Lubok Antu,BN,PRS,William @ Nyallau Anak Badak,win,PRS,BN,4091,8278,15138,54.68,19303,78.42,18,8,0,0,74
Sarawak,203,Lubok Antu,SWP,SWP,Larry Soon @ Larry Sng Wei Shien,lose,PRS,BN,4091,4187,15138,27.66,19303,78.42,18,8,0,0,74
Sarawak,204,Betong,BN,PBB,Douglas Uggah Embas,win,PBB,BN,10887,15476,20380,75.94,26322,77.43,50,7,0,0,43
Sarawak,204,Betong,PR,PKR,Cecilia Siti Una @ Sittie Endek,lose,PBB,BN,10887,4589,20380,22.52,26322,77.43,50,7,0,0,43
Sarawak,205,Saratok,PR,PKR,Ali Anak Biju,lose,SPDP,BN,2081,9519,22058,43.15,27562,80.03,44,7,0,0,49
Sarawak,205,Saratok,IND,IND,Rosli Lek @ Abg Roselie Abg Paleng,lose,SPDP,BN,2081,681,22058,3.09,27562,80.03,44,7,0,0,49
Sarawak,205,Saratok,BN,SPDP,William Ikom,win,SPDP,BN,2081,11600,22058,52.59,27562,80.03,44,7,0,0,49
Sarawak,206,Tanjong Manis,PR,PAS,Jurina Ti Mut,lose,PBB,BN,10964,1571,14344,10.95,19215,74.65,75,5,0,0,20
Sarawak,206,Tanjong Manis,BN,PBB,Norah Ti Abd Rahman,win,PBB,BN,10964,12535,14344,87.39,19215,74.65,75,5,0,0,20
Sarawak,207,Igan,BN,PBB,Wahab Haji Dolah,win,PBB,BN,10149,11896,13865,85.8,17771,78.02,7,4,0,0,89
Sarawak,207,Igan,PR,PAS,Ajiji Fauzan,lose,PBB,BN,10149,1747,13865,12.6,17771,78.02,7,4,0,0,89
Sarawak,208,Sarikei,BN,SUPP,Ding Kuong Hiing,lose,DAP,PR,505,13758,28298,48.62,36550,77.42,11,66,0,0,23
Sarawak,208,Sarikei,PR,DAP,Wong Ling Biu,win,DAP,PR,505,14263,28298,50.4,36550,77.42,11,66,0,0,23
Sarawak,209,Julau,SWP,SWP,Wong Anak Judat,lose,PRS,BN,5955,3936,16957,23.21,22522,75.29,12,5,0,0,83
Sarawak,209,Julau,PR,PKR,Wong Hong Yu,lose,PRS,BN,5955,2852,16957,16.82,22522,75.29,12,5,0,0,83
Sarawak,209,Julau,BN,PRS,Joseph Salang Anak Gandum,win,PRS,BN,5955,9891,16957,58.33,22522,75.29,12,5,0,0,83
Sarawak,210,Kanowit,SWP,SWP,Ellison Ludan Anak Muyan,lose,PRS,BN,3042,417,13743,3.03,19433,70.72,16,12,0,0,72
Sarawak,210,Kanowit,PR,PKR,Thomas Laja Anak Besi,lose,PRS,BN,3042,5004,13743,36.41,19433,70.72,16,12,0,0,72
Sarawak,210,Kanowit,BN,PRS,Ago Anak Dagang,win,PRS,BN,3042,8046,13743,58.55,19433,70.72,16,12,0,0,72
Sarawak,211,Lanang,BN,SUPP,Tiong Thai King,lose,DAP,PR,8630,17983,44900,40.05,57143,78.57,10,72,0,0,18
Sarawak,211,Lanang,PR,DAP,Alice Lau Kiong Yieng,win,DAP,PR,8630,26613,44900,59.27,57143,78.57,10,72,0,0,18
Sarawak,212,Sibu,BN,SUPP,Lau Lee Ming,lose,DAP,PR,2841,23967,51474,46.56,64601,79.68,20,65,0,0,15
Sarawak,212,Sibu,PR,DAP,Oscar Ling Chai Yew,win,DAP,PR,2841,26808,51474,52.08,64601,79.68,20,65,0,0,15
Sarawak,212,Sibu,IND,IND,Narawi Haron,lose,DAP,PR,2841,203,51474,0.39,64601,79.68,20,65,0,0,15
Sarawak,213,Mukah,IND,IND,Sylvester Ajah Subah @ Ajah Subah,lose,PBB,BN,12764,2219,19838,11.19,26477,74.93,75,10,0,0,15
Sarawak,213,Mukah,PR,DAP,Hai Merawin @ Bonaventure,lose,PBB,BN,12764,2219,19838,11.19,26477,74.93,75,10,0,0,15
Sarawak,213,Mukah,BN,PBB,Muhammad Leo Michael Toyad Abdullah,win,PBB,BN,12764,14983,19838,75.53,26477,74.93,75,10,0,0,15
Sarawak,214,Selangau,BN,PRS,Joseph Entulu Anak Belaun,win,PRS,BN,7555,12040,20725,58.09,25461,81.4,13,4,0,0,83
Sarawak,214,Selangau,SWP,SWP,Sng Chee Hua,lose,PRS,BN,7555,4485,20725,21.64,25461,81.4,13,4,0,0,83
Sarawak,214,Selangau,PR,PKR,Joshua Anak Jag @ Joshua Jabeng,lose,PRS,BN,7555,3891,20725,18.77,25461,81.4,13,4,0,0,83
Sarawak,215,Kapit,BN,PBB,Alexander Nanta Linggi,win,PBB,BN,9731,13446,17432,77.13,26195,66.55,22,10,0,0,68
Sarawak,215,Kapit,PR,DAP,Ramli Anak Malaka,lose,PBB,BN,9731,3715,17432,21.31,26195,66.55,22,10,0,0,68
Sarawak,216,Hulu Rajang,SWP,SWP,George Anak Lagong,lose,PRS,BN,5834,2129,14742,14.44,21686,67.98,20,1,0,2,77
Sarawak,216,Hulu Rajang,PR,PKR,Abun Sui Anyit,lose,PRS,BN,5834,3283,14742,22.27,21686,67.98,20,1,0,2,77
Sarawak,216,Hulu Rajang,BN,PRS,Ugak Anak Kumbong,win,PRS,BN,5834,9117,14742,61.84,21686,67.98,20,1,0,2,77
Sarawak,217,tulu,BN,SPDP,Tiong King Sing,win,SPDP,BN,7433,26458,45941,57.59,59893,76.71,29,27,0,0,44
Sarawak,217,tulu,PR,DAP,John Brian Anthony Anak Jeremy Guang,lose,SPDP,BN,7433,19025,45941,41.41,59893,76.71,29,27,0,0,44
Sarawak,218,Sibuti,PR,PAS,Muhammad Zaid Tandang,lose,PBB,BN,6066,7282,20918,34.81,28351,73.78,33,22,0,0,45
Sarawak,218,Sibuti,BN,PBB,Ahmad Lai Bujang,win,PBB,BN,6066,13348,20918,63.81,28351,73.78,33,22,0,0,45
Sarawak,219,Miri,PR,PKR,Michael Teo Yu Keng,win,PKR,PR,1992,26909,52762,51,71170,74.14,26,57,0,0,17
Sarawak,219,Miri,BN,SUPP,Sebastian Ting Chiew Yew,lose,PKR,PR,1992,24917,52762,47.23,71170,74.14,26,57,0,0,17
Sarawak,219,Miri,STAR,STAR,Chong Kon Fatt,lose,PKR,PR,1992,306,52762,0.58,71170,74.14,26,57,0,0,17
Sarawak,220,Baram,BN,SPDP,Anyi Ngau,win,SPDP,BN,194,9182,18775,48.91,29385,63.89,21,9,0,0,70
Sarawak,220,Baram,IND,IND,Patrick Sibat Sujang,lose,SPDP,BN,194,363,18775,1.93,29385,63.89,21,9,0,0,70
Sarawak,220,Baram,PR,PKR,Roland Engan,lose,SPDP,BN,194,8988,18775,47.87,29385,63.89,21,9,0,0,70
Sarawak,221,Limbang,PR,PKR,Baru Bian,lose,PBB,BN,8301,4698,17859,26.31,24278,73.56,46,19,0,0,35
Sarawak,221,Limbang,BN,PBB,Hasbi Habibollah,win,PBB,BN,8301,12999,17859,72.79,24278,73.56,46,19,0,0,35
Sarawak,222,Lawas,BN,PBB,Henry Sum Agong,win,PBB,BN,6030,9928,14072,70.55,18845,74.67,43,10,0,0,47
Sarawak,222,Lawas,PR,DAP,Baru Langub,lose,PBB,BN,6030,3898,14072,27.7,18845,74.67,43,10,0,0,47
Sarawak,222,Lawas,STAR,STAR,Alirahman Kamseh,lose,PBB,BN,6030,69,14072,0.49,18845,74.67,43,10,0,0,47
