KodPAR,state,const_name,total_voters,voted_voters,turnout_rate,majority,party_1,candidate_1,vote_1,percent_1,party_2,candidate_2,vote_2,percent_2,party_3,candidate_3,vote_3,percent_3,party_4,candidate_4,vote_4,percent_4,party_5,candidate_5,vote_5,percent_5,party_6,candidate_6,vote_6,percent_6
1,Perlis,Padang Besar,"46,096","36,500",79.18%,"1,438",BN,Zahidi Zainul Abidin,"15,032",,PH,Izizam Ibrahim,"13,594",,PAS,Mokhtar Senik,"7,874",,,,,,,,,,,,,
2,Perlis,Kangar,"55,938","44,680",79.87%,"5,603",BN,Ramli Shariff,"15,306",,PH,Noor Amin Ahmad,"20,909",,PAS,Mohamad Zahid Ibrahim,"8,465",,,,,,,,,,,,,
3,Perlis,Arau,"48,187","39,600",82.18%,"4,856",BN,Shahidan Kassim,,,PH,Abd Rahman Daud,,,PAS,Hashim Jasin,,,,,,,,,,,,,,
4,Kedah,Langkawi,"42,697","34,527",80.87%,"8,893",BN,Nawawi Ahmad,,,PH,Mahathir Mohammad,,,PAS,Zubir Ahmad,,,,,,,,,,,,,,
5,Kedah,Jerlun,"54,132","43,937",81.17%,"5,866",BN,Othman Aziz,,,PH,Mukhriz Mahathir,,,PAS,Abd Ghani Ahmad,,,,,,,,,,,,,,
6,Kedah,Kubang Pasu,"73,881","60,334",81.66%,"13,009",BN,Mohd Johari Baharum,,,PH,Amiruddin Hamzah,,,PAS,Norhafiza Fadzil,,,,,,,,,,,,,,
7,Kedah,Padang Terap,"46,644","38,923",83.45%,"1,099",BN,Mahdzir Khalid,,,PH,Mohd Khairizal Khazali,,,PAS,Mohamad Azam Abd Majid @ Abd Aziz,,,,,,,,,,,,,,
8,Kedah,Pokok Sena,"86,892","70,750",81.42%,"5,558",BN,Said Ali Said Rastan,,,PH,Mahfuz Omar,,,PAS,Muhamad Radhi Mat Din,,,,,,,,,,,,,,
9,Kedah,Alor Setar,"80,272","63,931",79.64%,"15,200",BN,Yoo Wei How,,,PH,Chan Ming Kai,,,PAS,Muhammad Aminur Shafiq Mohamad Abduh,,,,,,,,,,,,,,
10,Kedah,Kuala Kedah,"97,753","79,167",80.99%,"13,481",BN,Abdullah Hasnan Kamaruddin,,,PH,Azman Ismail,,,PAS,Muhammad Riduan Othman,,,,,,,,,,,,,,
11,Kedah,Pendang,"74,867","62,246",83.14%,"5,808",BN,Othman Abdul,,,PH,Wan Saifulruddin Wan Jan,,,PAS,Awang Hashim,,,Independent,Abdul Malik Manaf,,,,,,,,,,
12,Kedah,Jerai,"79,976","65,736",82.19%,539,BN,Jamil Khir Baharom,,,PH,Akramsyah Muammar Ubaidah Sanusi Junid,,,PAS,Sabri Azit,,,,,,,,,,,,,,
13,Kedah,Sik,"50,385","41,928",83.22%,"5,218",BN,Mansor Abd Rahman,,,PH,Azli Uda,,,PAS,Ahmad Tarmizi Sulaiman,,,,,,,,,,,,,,
14,Kedah,Merbok,"87,782","71,350",81.28%,"10,072",BN,Tajul Urus Mat Zain,,,PH,Nor Azrina Surip,,,PAS,Ahmad Fauzi Ramli,,,,,,,,,,,,,,
15,Kedah,Sungai Petani,"112,577","92,534",82.20%,"21,569",BN,Shahanim Mohamad Yusoff,,,PH,Johari Abdul,,,PAS,Shahril Long,,,PRM,Sritharan Pichathu,,,,,,,,,,
16,Kedah,Baling,"107,213","90,512",84.42%,"1,074",BN,Abdul Azeez Abdul Rahim,,,PH,Mohd Taufik Yaacob,,,PAS,Hassan Saad,,,,,,,,,,,,,,
17,Kedah,Padang Serai,"84,834","70,084",82.61%,"8,813",BN,Leong Yong Kong,,,PH,Karupaiya Mutusami,,,PAS,Muhamad Sobri Osman,,,,,,,,,,,,,,
18,Kedah,Kulim Bandar Baharu,"66,587","54,343",81.61%,"4,860",BN,Abd Aziz Sheikh Fadzir,,,PH,Saifuddin Nasution Ismail,,,PAS,Abdul Raman Abdul Razak,,,,,,,,,,,,,,
19,Kelantan,Tumpat,"110,924","86,585",78.06%,"17,500",BN,Wan Johani Wan Hussin,,,PH,Nordin Salleh,,,PAS,Che Abdullah Mat Nawi,,,,,,,,,,,,,,
20,Kelantan,Pengkalan Chepa,"75,384","59,387",78.78%,"13,232",BN,Zaluzi Sulaiman,,,PH,Mohamad Ibrahim,,,PAS,Ahmad Marzuk Shaary,,,,,,,,,,,,,,
21,Kelantan,Kota Bahru,"88,708","66,969",75.49%,"5,869",BN,Fikhran Hamshi Mohamad Fatmi,,,PH,Husam Musa,,,PAS,Takiyuddin Hassan,,,,,,,,,,,,,,
22,Kelantan,Pasir Mas,"71,222","53,551",75.19%,"13,075",BN,Nor Azmawi Ab Rahman @ Bawi,,,PH,Che Ujang Che Daud,,,PAS,Ahmad Fadhli Shaari,,,Independent,Ibrahim Ali,,,,,,,,,,
23,Kelantan,Rantau Panjang,"66,115","48,373",73.16%,"6,150",BN,Abdullah Mat Yassim,,,PH,Wan Shah Jihan Wan Din,,,PAS,Siti Zailah Mohd Yusoff,,,,,,,,,,,,,,
24,Kelantan,Kubang Kerian,"82,018","63,428",77.33%,"19,369",BN,Mohamad Abdul Ghani,,,PH,Abdul Halim Yusof,,,PAS,Tuan Ibrahim Tuan Man,,,,,,,,,,,,,,
25,Kelantan,Bachok,"92,606","73,964",79.87%,"3,292",BN,Awang Adek Hussin,,,PH,Mohd Zulkifli Zakaria,,,PAS,Nik Mohamad Abduh Nik Abdul Aziz,,,,,,,,,,,,,,
26,Kelantan,Ketereh,"65,238","53,107",81.41%,"4,626",BN,Annuar Musa,,,PH,Mohd Radzi Md Jidin,,,PAS,Wan Ismail Wan Jusoh,,,,,,,,,,,,,,
27,Kelantan,Tanah Merah,"73,172","58,122",79.43%,"2,929",BN,Ikmal Hisham Abdul Aziz,,,PH,Mohamad Fauzi Zakaria,,,PAS,Johari Mat,,,,,,,,,,,,,,
28,Kelantan,Pasir Puteh,"85,411","68,150",79.79%,"1,360",BN,Asyraf Wajdi Dusuki,,,PH,Kamarudin Md Nor,,,PAS,Nik Muhd Zawawi Salleh,,,,,,,,,,,,,,
29,Kelantan,Machang,"68,387","55,023",80.46%,"2,824",BN,Ahmad Jazlan Yaakub,,,PH,Sazmi Miah,,,PAS,Zulkifli Mamat,,,,,,,,,,,,,,
30,Kelantan,Jeli,"47,470","38,761",81.65%,"6,647",BN,Mustapa Mohamed ,,,PH,Azran Deraman,,,PAS,Mohamad Hamid,,,,,,,,,,,,,,
31,Kelantan,Kuala Krai,"70,348","54,987",78.16%,"7,992",BN,Ramzi Ab Rahman,,,PH,Mohd Yazid Abdullah,,,PAS,Abdul Latiff Abdul Rahman,,,,,,,,,,,,,,
32,Kelantan,Gua Musang,"52,524","39,936",76.03%,"3,913",BN,Tengku Razaleigh Mohd Hamzah,,,PH,Mohd Nor Hussin,,,PAS,Abdullah Hussein,,,,,,,,,,,,,,
33,Terengganu,Besut,"86,627","70,935",81.89%,"4,599",BN,Idris Jusoh,,,PH,Wan Nazari Wan Jusoh,,,PAS,Riduan Mohamad Nor,,,,,,,,,,,,,,
34,Terengganu,Setiu,"86,247","71,978",83.46%,"2,802",BN,Mohd Jidin Shafee,,,PH,Mohd Faudzi Musa,,,PAS,Shaharizukirnain Abd Kadir,,,,,,,,,,,,,,
35,Terengganu,Kuala Nerus,"83,663","72,105",86.19%,"8,447",BN,Tengku Asmadi Tengku Mohamad,,,PH,Abdullah Mohamed,,,PAS,Mohd Khairuddin Aman Razali,,,,,,,,,,,,,,
36,Terengganu,Kuala Terengganu,"103,611","86,583",83.57%,"14,773",BN,Wan Nawawi Wan Ismail,,,PH,Raja Kamarul Bahrin Shah,,,PAS,Ahmad Amzad Mohamed @ Hashim,,,,,,,,,,,,,,
37,Terengganu,Marang,"104,898","90,682",86.45%,"21,954",BN,Mohamad Nor Endot,,,PH,Zarawi Sulong,,,PAS,Abdul Hadi Awang,,,,,,,,,,,,,,
38,Terengganu,Hulu Terengganu,"73,487","62,346",84.84%,"2,868",BN,Rosol Wahid,,,PH,Razali Idris,,,PAS,Muhydin Abdul Rashid,,,,,,,,,,,,,,
39,Terengganu,Dungun,"90,506","75,414",83.32%,"13,119",BN,Din Adam,,,PH,Abd Rahman Yusof,,,PAS,Wan Hassan Mohd Ramli,,,,,,,,,,,,,,
40,Terengganu,Kemaman,"107,593","90,504",84.12%,"2,163",BN,Ahmad Shabery Cheek,,,PH,Mohd Huzaifah Md Suhaimi,,,PAS,Che Alias Hamid,,,,,,,,,,,,,,
41,Penang,Kepala Batas,"60,523","52,302",86.42%,"4,736",BN,Reezal Merican Naina Merican,,,PH,Zaidi Zakaria,,,PAS,Siti Mastura Muhamad,,,,,,,,,,,,,,
42,Penang,Tasek Gelugor,"60,850","51,904",85.30%,81,BN,Shabudin Yahaya,,,PH,Marzuki Yahya,,,PAS,Rizal Hafiz Ruslan,,,,,,,,,,,,,,
43,Penang,Bagan,"71,583","60,087",83.94%,"43,902",BN,Koay Xing Boon,,,PH,Lim Guan Eng,,,PCM,Huan Cheng Guan,,,PBM,Koay Xing Boon,,,,,,,,,,
44,Penang,Permatang Pauh,"81,789","69,828",85.38%,"15,668",BN,Mohd Zaidi Mohd Said,,,PH,Nurul Izzah Anwar,,,PAS,Afnan Hamimi Taib Azamudden,,,,,,,,,,,,,,
45,Penang,Bukit Mertajam,"88,998","74,691",83.92%,"52,877",BN,Gui Guat Lye,,,PH,Sim Chee Keong,,,,,,,,,,,,,,,,,,
46,Penang,Batu Kawan,"65,394","54,705",83.65%,"33,553",BN,Jayanthi Devi Balaguru,,,PH,Kasthuriraani Patto,,,PAS,Jay Kumar Balakrishna,,,PFP,Ooi Khar Giap,,,,,,,,,,
47,Penang,Nibong Tebal,"73,383","62,179",84.73%,"15,817",BN,Shaik Hussein Mydin,,,PH,Mansor Othman,,,PAS,Mohd Helmi Harun,,,Independent,Tan Tee Beng,,,,,,,,,,
48,Penang,Bukit Bendera,"75,069","59,706",79.53%,"40,731",BN,Andy Yong Kim Seng,,,PH,Wong Hon Wai,,,PBM,Tan Gim Theam,,,,,,,,,,,,,,
49,Penang,Tanjong,"49,586","39,727",80.12%,"29,599",BN,Ng Siew Lai,,,PH,Chow Kon Yeow,,,,,,,,,,,,,,,,,,
50,Penang,Jelutong,"76,991","63,666",82.69%,"38,171",BN,Baljit Singh Jigiri Singh,,,PH,Sanisvara Nethaji Rayer Rajaji,,,PBM,Tan Sim Bee,,,,,,,,,,,,,,
51,Penang,Bukit Gelugor,"91,595","75,705",82.65%,"55,951",BN,Low Joo Hiap,,,PH,Ramkarpal Singh Karpal Singh,,,PBM,Lai Xue Ching,,,,,,,,,,,,,,
52,Penang,Bayan Baru,"90,780","74,849",82.45%,"37,751",BN,Chuah Seng Guan,,,PH,Sim Tze Tzin,,,PAS,Iszuree Ibrahim,,,PBM,Yim Boon Leong,,,,,,,,,,
53,Penang,Balik Pulau,"59,086","49,776",84.24%,"6,464",BN,Hilmi Yahaya,,,PH,Muhammad Bakhtiar Wan Chik,,,PAS,Muhammad Imran Muhammad Sa'ad,,,,,,,,,,,,,,
54,Perak,Gerik,"35,903","27,311",76.07%,"5,528",BN,Hasbullah Osman,,,PH,Ibrahim Mohd Hanafiah,,,PAS,Mohd Dahalan Ismail,,,,,,,,,,,,,,
55,Perak,Lenggong,"29,752","23,205",77.99%,"5,773",BN,Shamsul Anuar Nasarah ,,,PH,Amirul Fairuzzeen Jamaluddin,,,PAS,Muhammad Mujahid Mohammad Fadzil,,,,,,,,,,,,,,
56,Perak,Larut,"49,453","39,620",80.12%,"4,486",BN,Hamzah Zainudin,,,PH,Khairil Anuar Akhiruddin,,,PAS,Abu Husin Mohmmad,,,,,,,,,,,,,,
57,Perak,Parit Buntar,"51,860","42,720",82.38%,"3,098",BN,Abdul Puhat Mat Nayan,,,PH,Mujahid Yusof Rawa,,,PAS,Ahmad Azhar Sharin,,,,,,,,,,,,,,
58,Perak,Bagan Serai,"59,293","47,255",79.70%,172,BN,Noor Azmi Ghazali,,,PH,Adam Asmuni,,,PAS,Rohaya Bakar,,,,,,,,,,,,,,
59,Perak,Bukit Gantang,"69,873","56,863",81.38%,"4,089",BN,Syed Abu Hussin Hafiz Syed Abu Fasal,,,PH,Khadri Khalid,,,PAS,Idris Ahmad,,,,,,,,,,,,,,
60,Perak,Taiping,"90,729","69,743",76.87%,"27,384",BN,Tan Keng Liang,,,PH,Teh Kok Lim,,,PAS,Ibrahim Ismail,,,,,,,,,,,,,,
61,Perak,Padang Rengas,"30,996","25,281",81.56%,"2,548",BN,Mohamed Nazri Abdul Aziz,,,PH,Ejazi Yahaya,,,PAS,Mohamad Azalan Mohamad Radzi,,,,,,,,,,,,,,
62,Perak,Sungai Siput,"55,002","42,726",77.68%,"5,607",BN,Devamany Krishnasamy,,,PH,Kesavan Subramaniam,,,PAS,Ishak Ibrahim,,,PSM,Michael Jeyakumar Devaraj,,,,,,,,,,
63,Perak,Tambun,"107,763","86,950",80.69%,"5,320",BN,Ahmad Husni Mohamad Hanadzlah,,,PH,Ahmad Faizal Azumu,,,PAS,Muhamad Zukifli Mohamad Zakaria,,,,,,,,,,,,,,
64,Perak,Ipoh Timor,"91,486","70,241",76.78%,"42,797",BN,Kathleen Wong Mei Yin,,,PH,Wong Kah Woh,,,,,,,,,,,,,,,,,,
65,Perak,Ipoh Barat,"84,874","65,502",77.18%,"45,724",BN,Cheng Wei Yee,,,PH,M. Kulasekaran V. Murugeson,,,,,,,,,,,,,,,,,,
66,Perak,Batu Gajah,"81,399","62,787",77.13%,"43,868",BN,Leong Chee Wai,,,PH,Sivakumar Varatharajy Naidu,,,PSM,Kunasekaran Krishnan,,,,,,,,,,,,,,
67,Perak,Kuala Kangsar,"36,954","30,056",81.33%,731,BN,Mastura Mohd Yazid,,,PH,Ahmad Termizi Ramli,,,PAS,Khalil Idham Lim Abdullah,,,,,,,,,,,,,,
68,Perak,Beruas,"79,794","60,267",75.53%,"27,954",BN,Pang Chok King,,,PH,Ngeh Koo Ham,,,PAS,Mohamad Nazeer M K M Hameed,,,,,,,,,,,,,,
69,Perak,Parit,"35,910","28,990",80.73%,"6,320",BN,Mohd Nizar Zakaria ,,,PH,Ahmad Tarmizi Mohd Jam,,,PAS,Najihatussalehah Ahmad,,,,,,,,,,,,,,
70,Perak,Kampar,"69,436","52,495",75.60%,"11,801",BN,Lee Chee Leong,,,PH,Su Keong Siong,,,PAS,Yougan Mahalingam,,,,,,,,,,,,,,
71,Perak,Gopeng,"99,167","79,233",79.90%,"29,778",BN,Heng Seai Kie,,,PH,Lee Boon Chye,,,PAS,Ismail Ariffin,,,,,,,,,,,,,,
72,Perak,Tapah,"47,128","36,174",76.76%,614,BN,Saravanan Murugan,,,PH,Mohamed Azni Mohamed Ali,,,PAS,Norazli Musa,,,,,,,,,,,,,,
73,Perak,Pasir Salak,"54,671","43,445",79.47%,"7,712",BN,Tajuddin Abdul Rahman,,,PH,Salihuddin Radin Sumadi,,,PAS,Zafarulazhan Zan,,,,,,,,,,,,,,
74,Perak,Lumut,"67,157","53,645",79.88%,400,BN,Zambry Abd Kadir,,,PH,Mohd Hatta Md Ramli,,,PAS,Mohammed Zamri Ibrahim,,,,,,,,,,,,,,
75,Perak,Bagan Datuk,"47,309","36,806",77.80%,"5,073",BN,Ahmad Zahid Hamidi,,,PH,Pakhrurrazi Arshad,,,PAS,Ata Abdul Muneim Hasan Adli,,,,,,,,,,,,,,
76,Perak,Telok Intan,"66,487","53,655",80.70%,"11,179",BN,Mah Siew Keong,,,PH,Nga Kor Ming,,,PAS,Ahmad Ramadzhan Ahmad Daud,,,,,,,,,,,,,,
77,Perak,Tanjong Malim,"68,468","54,297",79.30%,"5,358",BN,Mah Hang Soon,,,PH,Chang Lih Kang,,,PAS,Mohd Tarmizi Ab Rahman,,,,,,,,,,,,,,
78,Pahang,Cameron Highlands,"32,048","24,365",76.03%,597,BN,Sivaraj Chandran,,,PH,Manogaran Marimuthu,,,PAS,Wan Mahadir Wan Mahmud,,,PSM,Suresh Kumar Balasubramaniam,,,Berjasa,Mohd Tahir Kassim,,,,,,
79,Pahang,Lipis,"35,294","28,092",79.59%,"6,569",BN,Abdul Rahman Mohamad,,,PH,Badarudin Rahaman,,,PAS,Sobirin Duli,,,,,,,,,,,,,,
80,Pahang,Raub,"57,723","46,025",79.73%,"3,159",BN,Chew Mei Fun,,,PH,Tengku Zulpuri Shah Raja Puji,,,PAS,Mohamed Nilam Abdul Manap,,,,,,,,,,,,,,
81,Pahang,Jerantut,"63,609","50,249",79.00%,"5,908",BN,Ahmad Nazlan Idris,,,PH,Wan Mohd Shaharir Wan Abd Jalil,,,PAS,Yohanis Ahmad,,,,,,,,,,,,,,
82,Pahang,Indera Mahkota,"77,208","63,721",82.53%,"10,950",BN,Johan Mat Sah,,,PH,Saifuddin Abdullah,,,PAS,Nasrudin Hassan,,,,,,,,,,,,,,
83,Pahang,Kuantan,"62,696","51,170",81.62%,"8,111",BN,Wong Kean Hwee,,,PH,Fuziah Salleh,,,PAS,Sulaiman Md Derus,,,,,,,,,,,,,,
84,Pahang,Paya Besar,"55,135","44,100",79.99%,"5,742",BN,Mohd Shahar Abdullah,,,PH,Mohd Ashraf Mustaqim Badrul Munir,,,PAS,Mohamad Azhar Mohd Noor,,,Independent,Abd Kadir Sainudin,,,,,,,,,,
85,Pahang,Pekan,"88,899","70,614",79.43%,"24,859",BN,Mohd Najib Abd Razak,,,PH,Muhammad Zahid Md Arip,,,PAS,Ahiatudin Daud,,,,,,,,,,,,,,
86,Pahang,Maran,"41,036","32,725",79.75%,"3,763",BN,Ismail Abd Muttalib,,,PH,Ahmad Farid Ahmad Nordin,,,PAS,Hasenan Haron,,,,,,,,,,,,,,
87,Pahang,Kuala Krau,"47,264","38,311",81.06%,"2,876",BN,Ismail Mohamed Said,,,PH,Mohamad Rafidee Hassim,,,PAS,Kamal Ashaari,,,,,,,,,,,,,,
88,Pahang,Temerloh,"75,081","61,050",81.31%,"1,904",BN,Mohd Sharkar Shamsudin,,,PH,Mohd Anuar Mohd Tahir,,,PAS,Md Jusoh Darus,,,Independent,Mohd Khaidir Ahmad,,,Independent,Muhamad Fakhrudin Abu Hanipah,,,,,,
89,Pahang,Bentong,"67,359","55,106",81.81%,"2,032",BN,Liow Tiong Lai,,,PH,Wong Tack,,,PAS,Balasubramaniam Nachiappan,,,,,,,,,,,,,,
90,Pahang,Bera,"58,711","47,305",80.57%,"2,311",BN,Ismail Sabri Yaakob,,,PH,Zakaria Abdul Hamid,,,PAS,Musaniff Ab Rahman,,,,,,,,,,,,,,
91,Pahang,Rompin,"61,918","49,737",80.33%,"11,395",BN,Hasan Arifin,,,PH,Sitarunisah Ab Kadir,,,PAS,M Shahrul Nizam Abdul Haliff,,,,,,,,,,,,,,
92,Selangor,Sabak Bernam,"40,863","33,350",81.61%,"1,674",BN,Mohd Fasiah Mohd Fakeh,,,PH,Warno Dogol,,,PAS,Muhammad Labib Abd Jalil,,,,,,,,,,,,,,
93,Selangor,Sungai Besar,"48,739","41,206",84.54%,714,BN,Budiman Mohd Zohdi,,,PH,Muslimin Yahaya,,,PAS,Mohamed Salled M Husin,,,,,,,,,,,,,,
94,Selangor,Hulu Selangor,"100,990","85,221",84.39%,"13,391",BN,P. Kamalanathan P. Panchanathan,,,PH,Leow Hsiad Hui,,,PAS,Wan Mat Sulaiman,,,Independent,Kumar S. Paramasivam,,,,,,,,,,
95,Selangor,Tanjung Karang,"47,198","40,498",85.80%,"1,970",BN,Noh Omar,,,PH,Zulkafperi Hanapi,,,PAS,Nor Az Azlan Ahmad,,,,,,,,,,,,,,
96,Selangor,Kuala Selangor,"69,397","59,721",86.06%,"8,498",BN,Irmohizam Ibrahim,,,PH,Dzulkefly Ahmad,,,PAS,Mohd Fakaruddin Ismail,,,,,,,,,,,,,,
97,Selangor,Selayang,"116,176","98,002",84.36%,"40,657",BN,Kang Meng Fuat,,,PH,William Leong Jee Keen,,,PAS,Hashim Abdul Karim,,,,,,,,,,,,,,
98,Selangor,Gombak,"141,112","119,042",84.36%,"48,721",BN,Abdul Rahim Pandak Kamarudin,,,PH,Mohamed Azmin Ali,,,PAS,Khairil Nizam Khirudin,,,,,,,,,,,,,,
99,Selangor,Ampang,"91,737","76,550",83.45%,"41,956",BN,Leong Kim Soon,,,PH,Zuraida Kamaruddin,,,PAS,Nurul Islam Mohamed Yusoff,,,PRM,Tan Hua Meng,,,,,,,,,,
100,Selangor,Pandan,"101,319","85,774",84.66%,"52,543",BN,Leong Kok Wee,,,PH,Wan Azizah Wan Ismail,,,PAS,Mohamed Sukri Omar,,,PRM,Lee Ying Ha,,,Independent,Mohd Khairul Azam Abdul Aziz,,,,,,
101,Selangor,Hulu Langat,"102,363","88,247",86.21%,"25,424",BN,Azman Ahmad,,,PH,Hasanuddin Mohd Yunus,,,PAS,Che Rosli Che Mat,,,,,,,,,,,,,,
102,Selangor,Bangi,"178,790","156,327",87.44%,"68,768",BN,Liew Yuen Keong,,,PH,Ong Kian Ming,,,PAS,Mohd Shafie Ngah,,,PRM,Wan Jinn Woei,,,,,,,,,,
103,Selangor,Puchong,"96,437","83,478",86.56%,"47,635",BN,Ang Chin Tat,,,PH,Gobind Singh Deo,,,PAS,Mohamad Rosharizan Mohd Rozlan,,,,,,,,,,,,,,
104,Selangor,Subang,"146,422","125,705",85.85%,"92,353",BN,Tan Seong Lim,,,PH,Wong Chen,,,PAS,Mohd Shahrir Mohd Adnan,,,Independent,Toh Sin Wah,,,,,,,,,,
105,Selangor,Petaling Jaya,"140,920","115,279",81.80%,"57,137",BN,Chew Hian Tat,,,PH,Maria Chin Abdullah,,,PAS,Noraini Hussin,,,,,,,,,,,,,,
106,Selangor,Damansara,"164,322","136,280",82.93%,"106,903",BN,Ho Kwonk Xheng,,,PH,Pua Kiam Wee,,,PRM,Wong Mun Kheong,,,,,,,,,,,,,,
107,Selangor,Sungai Buloh,"90,707","77,951",85.94%,"26,634",BN,Pakas Rao Applanaidoo,,,PH,Sivarasa K. Rasiah,,,PAS,Nuridah Mohd Salleh,,,PSM,Zainurizzaman Mohram,,,,,,,,,,
108,Selangor,Shah Alam,"107,316","93,243",86.89%,"33,849",BN,Azhari Shaari,,,PH,Khalid Abd Samad,,,PAS,Mohd Zuhdi Marsuki,,,,,,,,,,,,,,
109,Selangor,Kapar,"124,983","106,093",84.89%,"16,306",BN,Mohana Muniandy Raman,,,PH,Abdullah Sani Abdul Hamid,,,PAS,Abd Rani Osman,,,PRM,Manikavasagam Sundaram,,,,,,,,,,
110,Selangor,Klang,"149,348","127,074",85.09%,"78,773",BN,Ching Eu Boon,,,PH,Charles Anthony R. Santiago,,,PAS,Khairul Shah Abdullah,,,Independent,Puvanenderan Ganasamoorthy,,,,,,,,,,
111,Selangor,Kota Raja,"149,021","128,126",85.98%,"71,142",BN,V Gunalan Velu,,,PH,Mohamad Sabu,,,PAS,Mohamed Diah Baharun,,,,,,,,,,,,,,
112,Selangor,Kuala Langat,"102,406","88,097",86.03%,"17,112",BN,Shahril Sufian Hamdan,,,PH,Xavier Jayakumar Arulanandam,,,PAS,Yahya Baba,,,,,,,,,,,,,,
113,Selangor,Sepang,"104,508","90,657",86.75%,"18,705",BN,Marsum Paing,,,PH,Mohamed Hanipa Maidin,,,PAS,Sabirin Marsono,,,,,,,,,,,,,,
114,Federal Territory,Kepong,"72,696","61,404",84.47%,"51,628",BN,Ong Siang Liang,,,PH,Lim Lip Eng,,,,,,,,,,,,,,,,,,
115,Federal Territory,Batu,"76,328","62,805",82.28%,"24,438",BN,Dominic Lau Hoe Chai,,,PAS,Azhar Yahya,,,Independent,Prabakaran Parameswaran,,,Independent,VM Panjamothy Muthusamy,,,,,,,,,,
116,Federal Territory,Wangsa Maju,"88,482","73,608",83.19%,"24,238",BN,Yeow Teong Look,,,PH,Tan Yee Kew,,,PAS,Razali Tumrin,,,,,,,,,,,,,,
117,Federal Territory,Segambut,"77,956","64,727",83.03%,"45,702",BN,Loga Bala Mohan Jaganathan,,,PH,Yeoh Tseow Suan,,,PAS,Mohd Solleh Ab Razak,,,,,,,,,,,,,,
118,Federal Territory,Setiawangsa,"72,136","60,852",84.36%,"14,372",BN,Zulhasnan Rafique,,,PH,Nik Nazmi NIk Ahmad,,,PAS,Ubaid Abd Akla,,,,,,,,,,,,,,
119,Federal Territory,Titiwangsa,"61,598","50,386",81.80%,"4,139",BN,Johari Abdul Ghani,,,PH,Rina Mohd Harun,,,PAS,Mohamad Noor Mohamad,,,,,,,,,,,,,,
120,Federal Territory,Bukit Bintang,"69,526","52,408",75.38%,"37,260",BN,Tan Ean Ean,,,PH,Fong Kui Lun,,,PFP,Khairul Husni Othman,,,,,,,,,,,,,,
121,Federal Territory,Lembah Pantai,"80,346","66,305",82.52%,"5,598",BN,Raja Nong Chik Raja Zainal Abidin,,,PH,Ahmad Fahmi Mohamed Fadzil,,,PAS,Fauzi Abu Bakar,,,,,,,,,,,,,,
122,Federal Territory,Seputeh,"86,256","70,129",81.30%,"56,059",BN,Chan Quin Er,,,PH,Teresa Kok Suh Sim,,,,,,,,,,,,,,,,,,
123,Federal Territory,Cheras,"78,819","63,677",80.79%,"49,665",BN,Heng Sinn Yee,,,PH,Tan Kok Wai,,,,,,,,,,,,,,,,,,
124,Federal Territory,Bandar Tun Razak,"83,650","70,206",83.93%,"19,930",BN,Adnan Seman @ Abdullah,,,PH,Kamarudin Jaafar,,,PAS,Rosni Adam,,,,,,,,,,,,,,
125,Federal Territory,Putrajaya,"27,306","24,558",89.94%,"3,372",BN,Tengku Adnan Tengku Mansor,,,PH,Samsu Adabi Mamat,,,PAS,Zainal Abidin Kidam,,,,,,,,,,,,,,
126,Negri Sembilan,Jelebu,"48,522","38,957",80.29%,"2,045",BN,Jalaluddin Alias,,,PH,Mustafar Ab Kadir,,,PAS,Norman Ipin,,,,,,,,,,,,,,
127,Negri Sembilan,Jempol,"72,122","57,274",79.41%,"1,631",BN,Mohd Salim Sharif @ Mohd Sharif,,,PH,Kamarulzaman Kamdias,,,PAS,Mustaffa Daharun,,,,,,,,,,,,,,
128,Negri Sembilan,Seremban,"110,168","91,818",83.34%,"30,694",BN,Chong Sin Woon,,,PH,Loke Siew Fook,,,PAS,Sharifuddin Ahmad,,,,,,,,,,,,,,
129,Negri Sembilan,Kuala Pilah,"49,801","40,237",80.80%,200,BN,Hasan Malek,,,PH,Eddin Syazlee Shith,,,PAS,Rafiei Mustapha,,,,,,,,,,,,,,
130,Negri Sembilan,Rasah,"102,838","85,307",82.95%,"46,867",BN,Ng Kian Nam ,,,PH,Cha Kee Chin ,,,PAS,Mohd Khairil Anuar Mohd Wafa,,,PAP,David Dass Aseerpatham,,,,,,,,,,
131,Negri Sembilan,Rembau,"88,365","73,856",83.58%,"4,364",BN,Khairy Jamaludin Abu Bakar,,,PH,Roseli Abdul Gani,,,PAS,Mustafa Dolah,,,,,,,,,,,,,,
132,Negri Sembilan,Port Dickson,"75,212","61,334",81.55%,"17,710",BN,Mogan Velayatham,,,PH,Danyal Balagopal Abdullah,,,PAS,Mahfuz Roslan,,,,,,,,,,,,,,
133,Negri Sembilan,Tampin,"60,765","48,466",79.76%,"1,002",BN,Shaziman Abu Mansor,,,PH,Hasan Bahrom,,,PAS,Abdul Halim Abu Bakar,,,,,,,,,,,,,,
134,Malacca,Masjid Tanah,"51,441","42,325",82.28%,"8,159",BN,Mas Ermieyati Samsudin,,,PH,Sabirin Ja'afar,,,PAS,Mohd Nasir Othman,,,,,,,,,,,,,,
135,Malacca,Alor Gajah,"70,364","57,815",82.17%,"6,980",BN,Wong Nai Chee,,,PH,Mohd Redzuan Md Yusof,,,PAS,Mohammad Nazree Mohammad Aris,,,,,,,,,,,,,,
136,Malacca,Tangga Batu,"83,213","69,142",83.09%,"4,659",BN,Zali Mat Yasin,,,PH,Rusnah Aluai,,,PAS,Zukifli Ismail,,,,,,,,,,,,,,
137,Malacca,Hang Tuah Jaya,"89,364","76,583",85.70%,"8,640",BN,Mohd Ali Mohd Rustam,,,PH,Shamsul Iskandar @ Yusre Mohd Akin,,,PAS,Md Khalid Kassim,,,,,,,,,,,,,,
138,Malacca,Kota Melaka,"126,848","105,276",82.99%,"49,175",BN,Choo Wei Sern,,,PH,Khoo Poay Tiong,,,Independent,Goh Leong San,,,,,,,,,,,,,,
139,Malacca,Jasin,"73,432","61,761",84.11%,219,BN,Ahmad Hamzah,,,PH,Khairuddin Abu Hassan,,,PAS,Abd Alim Shapie,,,,,,,,,,,,,,
140,Johor,Segamat,"55,350","45,320",81.88%,"5,476",BN,Subramaniam K.V. Sathasivam,,,PH,Santhara Kumar Ramanaidu,,,PAS,Khairul Faizi Ahmad Kamil,,,,,,,,,,,,,,
141,Johor,Sekijang,"45,596","37,837",82.98%,"1,281",BN,Ayub Rahmat,,,PH,Natrah Ismail,,,,,,,,,,,,,,,,,,
142,Johor,Labis,"40,356","32,030",79.37%,"3,408",BN,Chua Tee Yong,,,PH,Pang Hok Liong,,,PAS,Sarchu Sawal,,,,,,,,,,,,,,
143,Johor,Pagoh,"51,512","42,672",82.84%,"6,927",BN,Ismail Mohamed,,,PH,Muhyiddin Md Yasin,,,PAS,Ahmad Nawfal Mahfodz,,,,,,,,,,,,,,
144,Johor,Ledang,"77,474","65,414",84.43%,"8,666",BN,Hamim Samuri,,,PH,Syed Ibrahim Syed Nor,,,PAS,Rusman Kemin,,,,,,,,,,,,,,
145,Johor,Bakri,"73,883","61,800",83.65%,"23,211",BN,Kon Chon Chai,,,PH,Yeo Bee Yin,,,PAS,Zarul @ Mohamad Zahrul Salleh,,,,,,,,,,,,,,
146,Johor,Muar,"50,843","42,083",82.77%,"6,953",BN,Razali Ibrahim,,,PH,Syed Saddiq Syed Abdul Rahman,,,PAS,Abdul Aziz Talib,,,,,,,,,,,,,,
147,Johor,Parit Sulong,"59,609","49,769",83.49%,"6,341",BN,Noraini Ahmad,,,PH,Anis Afida Mohd Azli,,,PAS,Ahmad Rosdi Bahari,,,,,,,,,,,,,,
148,Johor,Ayer Hitam,"46,157","38,824",84.11%,303,BN,Wee Ka Siong,,,PH,Liew Chin Tong,,,PAS,Mardi Marwan,,,,,,,,,,,,,,
149,Johor,Sri Gading,"52,119","44,282",84.96%,"3,288",BN,Ab Aziz Kaprawi,,,PH,Sharuddin Md Salleh,,,PAS,M Ash'ari Sidon,,,,,,,,,,,,,,
150,Johor,Batu Pahat,"98,543","82,137",83.35%,"17,894",BN,Haliza Abdullah,,,PH,Mohd Rashid Hasnon,,,PAS,Mahfodz Mohamed,,,,,,,,,,,,,,
151,Johor,Simpang Renggam,"43,998","35,822",81.42%,"3,475",BN,Liang Teck Meng,,,PH,Mazlee Malik,,,PAS,Mohd Jubri Selamat,,,,,,,,,,,,,,
152,Johor,Kluang,"96,915","80,531",83.09%,"23,053",BN,Gan Ping Sieu,,,PH,Wong Shu Qi,,,PAS,Muhammad Hasbullah Md Najib,,,,,,,,,,,,,,
153,Johor,Sembrong,"44,137","36,044",81.66%,"6,662",BN,Hishammuddin Hussein,,,PH,Onn Abu Bakar,,,,,,,,,,,,,,,,,,
154,Johor,Mersing,"48,176","37,368",77.57%,"8,459",BN,Abd Latiff Ahmad,,,PH,Md Nasir Hashim,,,PAS,A. Rahman A. Hamid,,,,,,,,,,,,,,
155,Johor,Tenggara,"44,749","37,034",82.76%,"5,933",BN,Adham Baba,,,PH,Norjepri Mohamed Jelani,,,PAS,Yuhanita Yunan,,,,,,,,,,,,,,
156,Johor,Kota Tinggi,"46,677","38,193",81.82%,"14,621",BN,Halimah Mohd Sadique,,,PH,Azlinda Abdul Latif,,,,,,,,,,,,,,,,,,
157,Johor,Pengerang,"40,479","32,241",79.65%,"11,417",BN,Azalina Othman,,,PH,Norliza Ngadiran,,,,,,,,,,,,,,,,,,
158,Johor,Tebrau,"123,033","103,943",84.48%,"37,225",BN,Hou Kok Chung,,,PH,Choong Shiau Yoon,,,PAS,Abdullah Husin,,,,,,,,,,,,,,
159,Johor,Pasir Gudang,"124,172","105,009",84.57%,"24,726",BN,Mohamed Khaled Nordin ,,,PH,Hassan Abdul Karim,,,PAS,Ab Aziz Abdullah,,,Independent,Sey Jock @ Chee Jock,,,,,,,,,,
160,Johor,Johor Bahru,"101,409","80,322",79.21%,"19,782",BN,Sharir Ab Samad,,,PH,Akmal Nasrullah Mohd Nasir,,,,,,,,,,,,,,,,,,
161,Johor,Pulai,"106,268","86,893",81.77%,"28,924",BN,Nur Jazlan Mohamed,,,PH,Salahuddin Ayub,,,PAS,Mohd Mazri Yahya,,,Independent,Yap Keng Tak,,,,,,,,,,
162,Johor,Iskandar Puteri,"138,299","116,588",84.30%,"44,864",BN,Teoh Sew Hock,,,PH,Lim Kit Siang,,,,,,,,,,,,,,,,,,
163,Johor,Kulai,"99,147","84,543",85.27%,"32,748",BN,Tang Nai Soon,,,PH,Teo Nie Ching,,,PAS,Juwahir Amin,,,,,,,,,,,,,,
164,Johor,Pontian,"55,570","45,726",82.29%,833,BN,Ahmad Maslan,,,PH,Karmaine Sardini,,,PAS,Baharom Mohamad,,,,,,,,,,,,,,
165,Johor,Tanjung Piai,"53,528","44,948",83.97%,524,BN,Wee Jeck Seng,,,PH,Md Farid Md Rafik,,,PAS,Nordin Othman,,,,,,,,,,,,,,
166,Sabah,Labuan,"28,356","21,358",75.32%,"1,450",BN,Rozman Isli,,,SHP,Noor Halim Zaini,,,PAS,Ahmad Junid @ Junit B. Modh Aling @ Aling,,,SPHP,Siti Zaleha S.W. Ibrahim,,,,,,,,,,
167,Sabah,Kudat,"52,251","37,079",70.96%,"1,359",BN,Abdul Rahim Bakri,,,SHP,Sh Azman Sh Along,,,SPHP,Mohd Ashraf Chin Abdullah,,,,,,,,,,,,,,
168,Sabah,Kota Marudu,"47,007","33,906",72.13%,"1,774",BN,Johnity @ Maximus Ongkili,,,SHP,Barlus Mangabis,,,SPHP,Maijol Mahap,,,LSP,Paul Porodong,,,,,,,,,,
169,Sabah,Kota Belud,"57,919","46,098",79.59%,"4,262",BN,Md Salleh Md Said,,,SHP,Isnaraissah Munirah Majilis @ Fakharudy,,,PAS,Laiman Ikin @ Ag Laiman B. Kakimin,,,SPHP,Miasin @ Aimaduddin Mion,,,,,,,,,,
170,Sabah,Tuaran,"54,400","43,643",80.23%,"7,624",BN,Wilfred Madius Tangau,,,PH,Chrisnadia Sinam,,,PAS,Paumin @ Mohd Aminuddin Aling,,,LSP,Kalakau @ Kalakan Untol @ Entol,,,SPHP,Syra Peter @ P Gom,,,,,,
171,Sabah,Sepanggar,"62,415","47,785",76.56%,"12,984",BN,Abd Rahman Dahlan,,,SHP,Mohd Azis Jamman,,,SAPP,Jeffrey Kumin,,,LSP,Robert Sopining,,,,,,,,,,
172,Sabah,Kota Kinabalu,"56,220","42,310",75.26%,"24,086",BN,Lee Han Kyun @ Joseph Lee,,,PH,Chan Foong Hin,,,SAPP,Yong Teck Lee,,,,,,,,,,,,,,
173,Sabah,Putatan,"41,312","30,790",74.53%,"2,339",BN,Makin @ Marcus Majigoh,,,PH,Awang Husaini Sahari,,,PAS,Zulzaim Hilmee Abidin,,,SPHP,Jivol @ Edmund Doudilim,,,ANAKNEGERI,Mil Kusin Abdillah,,,,,,
174,Sabah,Penampang,"53,131","43,108",81.14%,"23,473",BN,Caesar Mandela Malakun,,,SHP,Ignatius Dorell Leiking,,,ANAKNEGERI,Edwin @ Jack Bosi,,,HSP,Cleftus Stephen Spine,,,,,,,,,,
175,Sabah,Papar,"43,586","35,836",82.22%,325,BN,Rosnah Abd Rashid Shirlin,,,SHP,Ahmad Hassan,,,LSP,Elbert Sikuil,,,HSP,Jamil William Core,,,,,,,,,,
176,Sabah,Kimanis,"29,618","25,028",84.50%,156,BN,Anifah Aman,,,SHP,Karim Bujang,,,SPHP,Jaafar Ismail,,,,,,,,,,,,,,
177,Sabah,Beaufort,"33,342","27,212",81.61%,"3,331",BN,Azizah Mohd Dun,,,PH,Johan @ Christopher Ot Ghani,,,SHP,Lajim Ukin,,,,,,,,,,,,,,
178,Sabah,Sipitang,"31,882","24,771",77.70%,852,BN,Yamani Hafez Musa,,,SHP,Noor Hayaty Mustapha,,,SPHP,Dayang Aezzy Liman,,,,,,,,,,,,,,
179,Sabah,Ranau,"43,706","32,942",75.37%,"1,076",BN,Ewon Ebin,,,PH,Jonathan Yasin,,,LSP,Andau Yasun @ Bruno,,,HSP,Soudi @ Sami Andang,,,,,,,,,,
180,Sabah,Keningau,"51,177","40,149",78.45%,45,BN,Daniel Kinsik,,,SHP,Jikulin Nointin @ Anastasius,,,LSP,Jius Awang,,,HSP,Gapari Katingan @ Geoffrey Kitingan,,,Independent,Justin Guka,,,Independent,Maimin Rijan @ Jeffrus Rijan,,
181,Sabah,Tenom,"29,182","22,238",76.20%,"1,133",BN,Rubin Balang,,,PH,Noorita Sual,,,SPHP,Laimoi @ Yuslinah Laikim,,,,,,,,,,,,,,
182,Sabah,Pensiangan,"31,377","24,368",77.66%,"2,314",BN,Arthur Joseph Kurup,,,PH,Raymond Ahuar,,,LSP,Maidin Atak @ Maidin Osman,,,HSP,Joh Jimmy @ Richard Joe Jimmy,,,Independent,Engah Sintan @ Dahlan Abdullah,,,,,,
183,Sabah,Beluran,"28,509","20,698",72.60%,"7,115",BN,Ronald Kiandee,,,SHP,Japar Zairun,,,SPHP,Sipin Kadangi,,,LSP,Toidy Luit,,,Perpaduan,Lem @ Salim Matin,,,Independent,Salimah Oyong,,
184,Sabah,Libaran,"47,914","36,143",75.43%,678,BN,Zakaria Mohd Edris @ Tubau,,,SHP,Irwanshah Mustapa,,,SPHP,Alfian Mansyur,,,,,,,,,,,,,,
185,Sabah,Batu Sapi,"32,574","23,261",71.41%,"4,619",BN,Tsen Thau Lin,,,SHP,Liew Vui Keong,,,PAS,Norsah Bongsu,,,NTP,Hamza A. Abdullah @ Hamzah,,,,,,,,,,
186,Sabah,Sandakan,"39,777","28,090",70.62%,"10,098",BN,Lim Ming Ho,,,PH,Wong Tien Fatt,,,,,,,,,,,,,,,,,,
187,Sabah,Kinabatangan,"28,730","21,518",74.90%,"9,478",BN,Moktar Radin,,,SHP,M A Ghazali Abdul Ghani,,,SPHP,Mustapa Tambuyong,,,,,,,,,,,,,,
188,Sabah,Silam,"60,942","43,040",70.62%,"6,401",BN,Nasrun Mansur,,,SHP,Mohamaddin Ketapi,,,PAS,Ramli Pataruddin,,,SPHP,Siti Shazianti Ajak,,,,,,,,,,
189,Sabah,Semporna,"48,248","33,426",69.28%,"20,674",BN,Ramlee Marahaban,,,SHP,Mohd Shafie Apdal,,,PAS,Abdul Nasir Ab Raup,,,SPHP,Asmara Asmad,,,,,,,,,,
190,Sabah,Tawau,"59,919","42,753",71.35%,"4,727",BN,Mary Yap Ken Jin,,,PH,Liew Chin Jin,,,PAS,Mohamad Husain,,,SPHP,Alizaman Jijurahman,,,,,,,,,,
191,Sabah,Kalabakan,"52,199","36,909",70.71%,"3,187",BN,Abdul Ghapur Salleh,,,SHP,Ma'mun Sulaiman,,,PAS,Nor Aloh,,,PPRS,Ahmad Lahama,,,,,,,,,,
192,Sarawak,Mas Gading,"29,617","22,518",76.03%,"3,024",BN,Nogeh Gumbek,,,PH,Mordi Bimol,,,,,,,,,,,,,,,,,,
193,Sarawak,Santubong,"45,628","33,273",72.92%,"19,485",BN,Wan Junaidi Tuanku Jaafar,,,PH,Mohamad Fidzuan Zaidi,,,,,,,,,,,,,,,,,,
194,Sarawak,Petra Jaya,"57,925","42,945",74.14%,"15,017",BN,Fadillah Yusof,,,PH,Nor Irwan Ahmat Nor,,,PAS,Hamdan Sani,,,,,,,,,,,,,,
195,Sarawak,Bandar Kuching,"81,856","61,123",74.67%,"35,973",BN,Kho Teck Wan,,,PH,Kelvin Yii Lee Wuen,,,,,,,,,,,,,,,,,,
196,Sarawak,Stampin,"66,240","51,899",78.35%,"14,221",BN,Sim Kui Hian,,,PH,Chong Chieng Jen,,,,,,,,,,,,,,,,,,
197,Sarawak,Kota Samarahan,"46,300","35,867",77.47%,"16,992",BN,Rubiah Wang,,,PH,Sopian Julaihi,,,PAS,Zulkipli Ramzi,,,,,,,,,,,,,,
198,Sarawak,Puncak Borneo,"46,180","34,520",74.75%,"4,005",BN,Genot Anak Sinel @ Jeannoth Sinel,,,PH,Willie Mongin,,,STAR,Buln Patrick Ribos,,,,,,,,,,,,,,
199,Sarawak,Serian,"37,629","27,419",72.87%,"9,905",BN,Richard Riot Jaem,,,PH,Edward Andrew Luwak @ Edward Luwak,,,Independent,Senior William Rade,,,,,,,,,,,,,,
200,Sarawak,Batang Sadong,"23,213","17,066",73.52%,"12,328",BN,Nancy Shukri,,,PH,Othman Mustapha @ Mos,,,PAS,Asan Singkro,,,,,,,,,,,,,,
201,Sarawak,Batang Lupar,"29,811","20,151",67.60%,"10,277",BN,Rohani Abdul Karim,,,PH,Narudin Mentali,,,PAS,Wan Abdillah Wan Ahmad,,,,,,,,,,,,,,
202,Sarawak,Sri Aman,"33,016","23,000",69.66%,"5,820",BN,Masir Kujat,,,PH,Norina Umoi Utot,,,PBDSB,Cobbold Lusoi,,,,,,,,,,,,,,
203,Sarawak,Lubok Antu,"20,801","14,551",69.95%,"1,059",BN,Robert Pasang Alam,,,PH,Nicholas Bawin Anggat,,,Independent,Tambat @ Jugah AK Muyang,,,,,,,,,,,,,,
204,Sarawak,Betong,"29,145","20,720",71.09%,"8,116",BN,Robert Lawson Chuat,,,PH,Noel Changgai Bucking,,,Independent,Abang Ahmad Abang Suni,,,,,,,,,,,,,,
205,Sarawak,Saratok,"30,517","22,707",74.41%,989,BN,Jagah @ Subeng Mula,,,PH,Ali Biju,,,,,,,,,,,,,,,,,,
206,Sarawak,Tanjong Manis,"21,899","14,130",64.52%,"8,674",BN,Yusuf Abd Wahab,,,PH,Mohamad Fadillah Sabali,,,,,,,,,,,,,,,,,,
207,Sarawak,Igan,"19,592","12,581",64.21%,"8,495",BN,Ahmad Johnie Zawawi,,,PH,Andri Zulkarnaen Hamden,,,,,,,,,,,,,,,,,,
208,Sarawak,Sarikei,"39,561","30,476",77.04%,"2,570",BN,Huang Tiong Sii ,,,PH,Wong Ling Biu,,,PBK,Wong Chin King,,,,,,,,,,,,,,
209,Sarawak,Julau,"25,380","18,279",72.02%,"1,931",BN,Joseph Salang Gandum,,,Independent,Larry Sng Wei Shien,,,,,,,,,,,,,,,,,,
210,Sarawak,Kanowit,"21,022","14,792",70.36%,"4,312",BN,Ago Dagang,,,PH,Satu Anchom,,,,,,,,,,,,,,,,,,
211,Sarawak,Lanang,"61,973","45,892",74.05%,"14,546",BN,Kong Sien Chiu,,,PH,Alice Lau Kiong Yieng,,,PEACE,Priscilla Lau,,,,,,,,,,,,,,
212,Sarawak,Sibu,"74,149","56,753",76.54%,"11,422",BN,Wong Kee Yew,,,PH,Oscar Ling Chai Yew,,,PEACE,Tiew Yen Houng,,,PBDSB,Tiong Ing Tung,,,,,,,,,,
213,Sarawak,Mukah,"30,608","20,706",67.65%,"7,000",BN,Hanifah Hajar Taib ,,,PH,Abdul Jalil Bujang,,,,,,,,,,,,,,,,,,
214,Sarawak,Selangau,"30,026","21,970",73.17%,486,BN,Rita Sarimah Patrick Insol,,,PH,Baru Bian,,,,,,,,,,,,,,,,,,
215,Sarawak,Kapit,"30,658","18,125",59.12%,"10,479",BN,Alexander Nanta Linggi,,,PH,Paren Nyawi,,,PAS,,,,,,,,,,,,,,,
216,Sarawak,Hulu Rajang,"27,520","17,353",63.06%,"6,315",BN,Ugak Kumbong,,,PH,Abun Sui Anyit,,,PAS,,,,,,,,,,,,,,,
217,Sarawak,Bintulu,"65,049","47,458",72.96%,"7,022",BN,Tiong King Sing,,,PH,Chiew Chan Yew,,,PBDSB,Chieng Lea Phing,,,,,,,,,,,,,,
218,Sarawak,Sibuti,"31,868","22,369",70.19%,"3,676",BN,Lukanisman Awang Sauni,,,PH,Jemat Panjang,,,PAS,Zulaihi Bakar,,,,,,,,,,,,,,
219,Sarawak,Miri,"80,386","57,815",71.92%,"13,663",BN,Sebastian Ting Chiew Yew,,,PH,Michael Teo Yu Keng,,,,,,,,,,,,,,,,,,
220,Sarawak,Baram,"35,685","22,352",62.64%,"1,990",BN,Anyi Ngau,,,PH,Roland Engan,,,,,,,,,,,,,,,,,,
221,Sarawak,Limbang,"26,409","17,468",66.14%,"7,710",BN,Hasbi Habibollah,,,PH,Ricardo Osmund Yampil Baba,,,PAS,,,,,,,,,,,,,,,
222,Sarawak,Lawas,"21,297","14,250",66.91%,"6,000",BN,Henry Sum Agong,,,PH,Danny Piri,,,Independent,Mohamad Brahim,,,,,,,,,,,,,,
